,Album,Artist,ReleaseDate,Duration,AlbumURL
0,The Elements: 2020 Tour Box,King Crimson,"September 4, 2020",02:22:24,https://www.allmusic.com/album/the-elements-2020-tour-box-mw0003412098
1,"Live in New Haven, CT, November 16, 2003",King Crimson,"January 31, 2020",01:37:02,https://www.allmusic.com/album/live-in-new-haven-ct-november-16-2003-mw0003348426
2,"Live in Chicago, IL, November 29, 1995",King Crimson,"January 31, 2020",01:47:15,https://www.allmusic.com/album/live-in-chicago-il-november-29-1995-mw0003348086
3,"Projekct Three [Live in Alexandria, Va March 3, 2003]",King Crimson,"January 1, 2019",01:16:14,https://www.allmusic.com/album/projekct-three-live-in-alexandria-va-march-3-2003-mw0003325155
4,Welcome to the Blackout [Live London '78],David Bowie,"April 21, 2018",01:47:17,https://www.allmusic.com/album/welcome-to-the-blackout-live-london-78-mw0003173016
5,Mr. Music Head/Inner Revolution,Adrian Belew,"October 12, 2018",?,https://www.allmusic.com/album/mr-music-head-inner-revolution-mw0003208895
6,"Live in Vienna, December 1st, 2016",King Crimson,"April 6, 2018",03:07:11,https://www.allmusic.com/album/live-in-vienna-december-1st-2016-mw0003154520
7,The  Elements: 2017 Tour Box,King Crimson,"June 6, 2017",02:22:01,https://www.allmusic.com/album/the-elements-2017-tour-box-mw0003055884
8,The  Archives,Talking Heads,"November 17, 2017",03:53:02,https://www.allmusic.com/album/the-archives-mw0003114150
9,"Party Tyme Karaoke: Billboard Top 40 Karaoke Box Set, Vol. 7",Party Tyme Karaoke,"September 29, 2017",04:58:01,https://www.allmusic.com/album/party-tyme-karaoke-billboard-top-40-karaoke-box-set-vol-7-mw0003096050
10,"Official Bootleg: Live in Chicago, June 28th, 2017",King Crimson,"October 13, 2017",02:33:24,https://www.allmusic.com/album/official-bootleg-live-in-chicago-june-28th-2017-mw0003102844
11,Gizmodrome,Gizmodrome,"September 15, 2017",46:26,https://www.allmusic.com/album/gizmodrome-mw0003071825
12,A New Career in a New Town [1977-1982],David Bowie,"September 29, 2017",07:32:39,https://www.allmusic.com/album/a-new-career-in-a-new-town-1977-1982-mw0003081384
13,Rehearsals & Blows,King Crimson,"January, 2016",44:25,https://www.allmusic.com/album/rehearsals-amp-blows-mw0003348428
14,Radical Action to Unseat the Hold of Monkey Mind,King Crimson,"September 2, 2016",02:40:34,https://www.allmusic.com/album/radical-action-to-unseat-the-hold-of-monkey-mind-mw0002964721
15,On (And Off) The Road 1981-1984,King Crimson,"October 28, 2016",11:04:34,https://www.allmusic.com/album/on-and-off-the-road-1981-1984-mw0002974867
16,"Live in Toronto, November 20, 2015",King Crimson,"March 25, 2016",02:06:44,https://www.allmusic.com/album/live-in-toronto-november-20-2015-mw0002926480
17,Cap D'agde 1982: Live KC Collectors' Club,King Crimson,"February 26, 2016",01:00:20,https://www.allmusic.com/album/cap-dagde-1982-live-kc-collectors-club-mw0002918281
18,The Elements: 2015 Tour Box,King Crimson,"August 31, 2015",02:20:30,https://www.allmusic.com/album/the-elements-2015-tour-box-mw0002885566
19,"Midori: Live in Tokyo 2015, Second Show",Stick Men,2015,?,https://www.allmusic.com/album/midori-live-in-tokyo-2015-second-show-mw0002881705
20,Midori : First Show,Stick Men,2015,?,https://www.allmusic.com/album/midori--first-show-mw0002882214
21,Live at the Orpheum,King Crimson,"January 12, 2015",40:50,https://www.allmusic.com/album/live-at-the-orpheum-mw0002800577
22,Live at Rockpalast,Adrian Belew,"June 23, 2015",?,https://www.allmusic.com/album/live-at-rockpalast-mw0002850093
23,#1 to Infinity,Mariah Carey,"May 18, 2015",01:19:29,https://www.allmusic.com/album/1-to-infinity-mw0002842935
24,True Confessions: The Epic Sessions,Garland Jeffreys,"February 17, 2014",02:28:43,https://www.allmusic.com/album/true-confessions-the-epic-sessions-mw0002609961
25,The  Elements: 2014 Tour Box,King Crimson,2014,02:12:04,https://www.allmusic.com/album/the-elements-2014-tour-box-mw0002764052
26,"Live in Milan, June 20th, 2003",King Crimson,"February 4, 2014",02:05:35,https://www.allmusic.com/album/live-in-milan-june-20th-2003-mw0002612785
27,"Live at the Pier, New York, August 2nd, 1982",King Crimson,"February 4, 2014",01:10:55,https://www.allmusic.com/album/live-at-the-pier-new-york-august-2nd-1982-mw0002617898
28,Levin Brothers,Levin Brothers / Pete Levin / Tony Levin,"September 9, 2014",54:08,https://www.allmusic.com/album/levin-brothers-mw0002759253
29,Kaleidoscope,Transatlantic,"February 4, 2014",01:15:48,https://www.allmusic.com/album/kaleidoscope-mw0002605426
30,À la Recherche du Roi Frippe,Médéric Collignon / Mederic Collignon / Le Jus De Bocse,"May 1, 2013",01:15:34,https://www.allmusic.com/album/%C3-la-recherche-du-roi-frippe-mw0002540061
31,The  Complete Album Collection,Paul Simon,"October 15, 2013",13:14:50,https://www.allmusic.com/album/the-complete-album-collection-mw0002570331
32,Secrest/Clues/Maybe It's Live,Robert Palmer,"August 26, 2013",01:59:36,https://www.allmusic.com/album/secrest-clues-maybe-its-live-mw0002563504
33,Over the Bridge of Time: A Paul Simon Retrospective (1964-2011),Paul Simon,"October 15, 2013",01:19:40,https://www.allmusic.com/album/over-the-bridge-of-time-a-paul-simon-retrospective-1964-2011-mw0002576840
34,Inland,Jars of Clay,"August 27, 2013",51:05,https://www.allmusic.com/album/inland-mw0002562016
35,Hesitation Marks,Nine Inch Nails,"September 2, 2013",01:01:50,https://www.allmusic.com/album/hesitation-marks-mw0002555061
36,"Live In Argentina, 1994",King Crimson,"June 11, 2012",?,https://www.allmusic.com/album/live-in-argentina-1994-mw0002365467
37,Follow,Robert Fripp / Travis & Fripp / Theo Travis,"October 16, 2012",58:32,https://www.allmusic.com/album/follow-mw0002410806
38,Classic Albums Series: Jars of Clay/Much Afraid,Jars of Clay,"August 21, 2012",01:51:33,https://www.allmusic.com/album/classic-albums-series-jars-of-clay-much-afraid-mw0002401552
39,Treehouse,Ned Evett,2011,50:53,https://www.allmusic.com/album/treehouse-mw0002314815
40,The Gate,Kurt Elling,"February 7, 2011",51:42,https://www.allmusic.com/album/the-gate-mw0002087189
41,The Essential Mariah Carey,Mariah Carey,"January 10, 2011",02:03:00,https://www.allmusic.com/album/the-essential-mariah-carey-mw0002093503
42,Shame,Various,"cember 6, 2011",01:20:36,https://www.allmusic.com/album/shame-mw0000861595
43,Recupera Tus Clásicos,Caifanes,2011,03:32:11,https://www.allmusic.com/album/recupera-tus-cl%C3%A1sicos-mw0002138359
44,Pink Floyd: The Wall - As Performed By,Various,2011,01:22:50,https://www.allmusic.com/album/pink-floyd-the-wall-as-performed-by-mw0002142000
45,Karaoke Gold: In the Style of Mariah Carey,Various,2011,40:24,https://www.allmusic.com/album/karaoke-gold-in-the-style-of-mariah-carey-mw0002099790
46,Hammersmith Odeon,Frank Zappa,2011,02:53:49,https://www.allmusic.com/album/hammersmith-odeon-mw0002246096
47,A  Collection of Delicate Diamonds: A Tribute To Pink Floyd,Various,2011,02:16:12,https://www.allmusic.com/album/a-collection-of-delicate-diamonds-a-tribute-to-pink-floyd-mw0002139307
48,Triple Feature: Jars of Clay/Much Afraid/If I Left the Zoo,Jars of Clay,"cember 7, 2010",02:34:27,https://www.allmusic.com/album/triple-feature-jars-of-clay-much-afraid-if-i-left-the-zoo-mw0002092737
49,The Complete Columbia Album Collection 1972-1988,Herbie Hancock,"November 16, 2010",03:39:44,https://www.allmusic.com/album/the-complete-columbia-album-collection-1972-1988-mw0002003363
50,"The Collectable King Crimson, Vol. 5: Live in Japan, 1995",King Crimson,"September 14, 2010",01:59:43,https://www.allmusic.com/album/the-collectable-king-crimson-vol-5-live-in-japan-1995-mw0002025741
51,The  Social Network [Original Score],Trent Reznor / Atticus Ross / Trent Reznor & Atticus Ross,"October 15, 2010",01:06:11,https://www.allmusic.com/album/the-social-network-original-score-mw0002055443
52,Playlist: The Very Best of Mariah Carey,Mariah Carey,"January 26, 2010",58:32,https://www.allmusic.com/album/playlist-the-very-best-of-mariah-carey-mw0001953978
53,Hot Tub Time Machine [Original Motion Picture Soundtrack],Various,2010,59:43,https://www.allmusic.com/album/hot-tub-time-machine-original-motion-picture-soundtrack-mw0001960958
54,Genius of Live,Tom Tom Club,2010,02:00:06,https://www.allmusic.com/album/genius-of-live-mw0002029794
55,Doomsday Revolution,The New Czars,"September 14, 2010",01:06:45,https://www.allmusic.com/album/doomsday-revolution-mw0002033049
56,Daydream/Mariah Carey,Mariah Carey,"June 8, 2010",01:33:11,https://www.allmusic.com/album/daydream-mariah-carey-mw0001990298
57,Animale in Gabbia,Mondo Marcio,2010,50:28,https://www.allmusic.com/album/animale-in-gabbia-mw0001974155
58,"WOW Essentials, Vol. 2: All-Time Favorite Christian Songs",Various,"March 17, 2009",55:51,https://www.allmusic.com/album/wow-essentials-vol-2-all-time-favorite-christian-songs-mw0000811711
59,Raven Songs 101,Adrian Belew / Kevin Max,"April 21, 2009",29:20,https://www.allmusic.com/album/raven-songs-101-mw0001723116
60,Out Come the Freaks! An Island Post Punk Anthology,Various,"October 19, 2009",03:18:52,https://www.allmusic.com/album/out-come-the-freaks%21-an-island-post-punk-anthology-mw0001353283
61,Lo Esencial de Caifanes,Caifanes,2009,03:21:33,https://www.allmusic.com/album/lo-esencial-de-caifanes-mw0001330261
62,"King Crimson Songbook, Vol. 2",The Crimson Jazz Trio,"April 7, 2009",01:09:42,https://www.allmusic.com/album/king-crimson-songbook-vol-2-mw0000812547
63,"Def Jam 25, Vol. 10: Feature Presentation",Various,"May 31, 2009",42:47,https://www.allmusic.com/album/def-jam-25-vol-10-feature-presentation-mw0002395072
64,"Collectable King Crimson, Vol. 4",King Crimson,"May 5, 2009",01:46:03,https://www.allmusic.com/album/collectable-king-crimson-vol-4-mw0000817272
65,80's Greaties,Sugar Beats,"February 10, 2009",?,https://www.allmusic.com/album/80s-greaties-mw0000806807
66,40th Anniversary Tour Box,King Crimson,"April 18, 2009",40:36,https://www.allmusic.com/album/40th-anniversary-tour-box-mw0000820018
67,Young Lions/Pretty Pink Rose,Adrian Belew,"October 14, 2008",?,https://www.allmusic.com/album/young-lions-pretty-pink-rose-mw0000800795
68,"The Collectable King Crimson, Vol. 3: Live in London, Pts. 1-2 1996",King Crimson,"May 6, 2008",02:11:46,https://www.allmusic.com/album/the-collectable-king-crimson-vol-3-live-in-london-pts-1-2-1996-mw0000785258
69,The Album,Mike Zirkel,2008,42:49,https://www.allmusic.com/album/the-album-mw0001918370
70,Second Season,Wave Mechanics Union,2008,55:07,https://www.allmusic.com/album/second-season-mw0001458598
71,"Rock and Roll with Piano, Vol. 13",Various,"April 8, 2008",?,https://www.allmusic.com/album/rock-and-roll-with-piano-vol-13-mw0000784354
72,Reflections: An Act of Glass,Andrew Gorczyca,"June 25, 2008",41:55,https://www.allmusic.com/album/reflections-an-act-of-glass-mw0000811455
73,Progressive Rock Friends,Asia,"November 25, 2008",01:12:00,https://www.allmusic.com/album/progressive-rock-friends-mw0000801484
74,Playlist: New Wave,Various,"April 28, 2008",01:06:50,https://www.allmusic.com/album/playlist-new-wave-mw0001660635
75,Original Album Classics,Cyndi Lauper,"June 16, 2008",03:54:45,https://www.allmusic.com/album/original-album-classics-mw0000809880
76,One Shot Deal,Frank Zappa,"June 13, 2008",51:51,https://www.allmusic.com/album/one-shot-deal-mw0000793892
77,"Live in New York, NY 1982",King Crimson,"April 1, 2008",01:10:55,https://www.allmusic.com/album/live-in-new-york-ny-1982-mw0001669562
78,Greatest Hits [Steel Box Collection],Cyndi Lauper,"July 28, 2008",39:55,https://www.allmusic.com/album/greatest-hits-steel-box-collection-mw0000809724
79,Greatest Hits,Jars of Clay,"April 1, 2008",59:44,https://www.allmusic.com/album/greatest-hits-mw0000498025
80,Ghosts I-IV,Nine Inch Nails,"March 2, 2008",01:50:07,https://www.allmusic.com/album/ghosts-i-iv-mw0000783108
81,Funky Nassau: The Compass Point Story 1980-1986,Various,"March 11, 2008",01:18:09,https://www.allmusic.com/album/funky-nassau-the-compass-point-story-1980-1986-mw0000781624
82,E=MC²,Mariah Carey,"April 15, 2008",52:09,https://www.allmusic.com/album/emc%C2%B2-mw0000496749
83,De Caifanes a Jaguares [DVD],Caifanes,"April 22, 2008",?,https://www.allmusic.com/album/de-caifanes-a-jaguares-dvd-mw0001660008
84,De Caifanes a Jaguares,Caifanes / De Caifanes a Jaguares / Jaguares,"April 22, 2008",01:03:36,https://www.allmusic.com/album/de-caifanes-a-jaguares-mw0000783061
85,Ultra Sexy/Cool: Music for How You Live,Various,"August 14, 2007",01:16:53,https://www.allmusic.com/album/ultra-sexy-cool-music-for-how-you-live-mw0000584833
86,This is Guitar Gods,Various,"August 7, 2007",02:30:37,https://www.allmusic.com/album/this-is-guitar-gods-mw0000780055
87,The Essential Paul Simon,Paul Simon,"June 26, 2007",02:28:23,https://www.allmusic.com/album/the-essential-paul-simon-mw0000745557
88,The Essential Jars of Clay,Jars of Clay,"September 4, 2007",02:14:52,https://www.allmusic.com/album/the-essential-jars-of-clay-mw0000585019
89,"The Collectable King Crimson, Vol. 2 Live in Bath 1981",King Crimson,"March 12, 2007",02:13:12,https://www.allmusic.com/album/the-collectable-king-crimson-vol-2-live-in-bath-1981-mw0000479243
90,The Adventures of Mimi,Mariah Carey,"November 30, 2007",?,https://www.allmusic.com/album/the-adventures-of-mimi-mw0001236932
91,Re-Building the Wall: A Tribute to Pink Floyd,Various,"April 9, 2007",01:37:32,https://www.allmusic.com/album/re-building-the-wall-a-tribute-to-pink-floyd-mw0001507520
92,R&B Anthems,Various,"August 13, 2007",03:51:22,https://www.allmusic.com/album/r-amp-b-anthems-mw0001568006
93,Pink Box: Songs of Pink Floyd,Various,"October 23, 2007",02:09:07,https://www.allmusic.com/album/pink-box-songs-of-pink-floyd-mw0000492353
94,Old School Funk Celebration,Various,"March 27, 2007",02:10:04,https://www.allmusic.com/album/old-school-funk-celebration-mw0000486299
95,It's Always Summer,Danny Morgan,2007,48:01,https://www.allmusic.com/album/its-always-summer-mw0001628584
96,Instant Karma: The Amnesty International Campaign to Save Darfur,Various,"June 12, 2007",01:25:27,https://www.allmusic.com/album/instant-karma-the-amnesty-international-campaign-to-save-darfur-mw0000577865
97,Eureka!,The Bears,2007,?,https://www.allmusic.com/album/eureka%21-mw0001168621
98,Daydream/Butterfly,Mariah Carey,"September 17, 2007",01:54:04,https://www.allmusic.com/album/daydream-butterfly-mw0001181648
99,"Culture Club, Vol. 5: Pt. 2",Various,"March 27, 2007",01:07:00,https://www.allmusic.com/album/culture-club-vol-5-pt-2-mw0001510399
100,"Collector's Box, Vol. 5: 1995 & After",King Crimson,"October 1, 2007",05:00:55,https://www.allmusic.com/album/collectors-box-vol-5-1995-amp-after-mw0001144840
101,"Collector's Box, Vol. 4: 1981-1982",King Crimson,"October 1, 2007",04:32:15,https://www.allmusic.com/album/collectors-box-vol-4-1981-1982-mw0001394490
102,Viva Tin Tan,Various,"January 24, 2006",50:49,https://www.allmusic.com/album/viva-tin-tan-mw0000702058
103,Trance-Fusion,Frank Zappa,"October 24, 2006",01:01:34,https://www.allmusic.com/album/trance-fusion-mw0000735222
104,The Motherlode,Sara Hickman,"June 20, 2006",01:27:30,https://www.allmusic.com/album/the-motherlode-mw0000417437
105,The Greatest 80's Hits of All Time,Various,2006,02:26:14,https://www.allmusic.com/album/the-greatest-80s-hits-of-all-time-mw0001477717
106,The Definitive Groove Collection: Sugar Hill Records,Various,"August 8, 2006",02:37:47,https://www.allmusic.com/album/the-definitive-groove-collection-sugar-hill-records-mw0000582840
107,The Condensed 21st Century Guide to King Crimson: 1969-2003,King Crimson,"October 16, 2006",02:39:40,https://www.allmusic.com/album/the-condensed-21st-century-guide-to-king-crimson-1969-2003-mw0000452868
108,"The Collectors' King Crimson, Vol. 10",King Crimson,"August 29, 2006",05:45:21,https://www.allmusic.com/album/the-collectors-king-crimson-vol-10-mw0000742164
109,The Anatomy Of,Between the Buried and Me,"June 13, 2006",01:09:54,https://www.allmusic.com/album/the-anatomy-of-mw0000722228
110,Steve's Hamper,The 4-Squares,"February 23, 2006",31:25,https://www.allmusic.com/album/steves-hamper-mw0000229303
111,Side Three,Adrian Belew,"April 18, 2006",38:40,https://www.allmusic.com/album/side-three-mw0000408787
112,Return to the Dark Side of the Moon,Various,"May 16, 2006",48:22,https://www.allmusic.com/album/return-to-the-dark-side-of-the-moon-mw0000416487
113,Resonator,Tony Levin,"April 4, 2006",51:11,https://www.allmusic.com/album/resonator-mw0000659855
114,Pink Floyd's The Wall Revisited,Various,"March 21, 2006",01:19:28,https://www.allmusic.com/album/pink-floyds-the-wall-revisited-mw0000400298
115,Old School Celebration,Various,"January 31, 2006",01:08:58,https://www.allmusic.com/album/old-school-celebration-mw0000344933
116,"Live in Munich, September 29, 1982",King Crimson,"October, 2006",01:10:30,https://www.allmusic.com/album/live-in-munich-september-29-1982-mw0001638139
117,"Live in Chicago, Il 1998",ProjeKct Two,"cember, 2006",01:27:51,https://www.allmusic.com/album/live-in-chicago-il-1998-mw0001218543
118,"Live at the Wiltern, 1995",King Crimson,"February, 2006",01:50:35,https://www.allmusic.com/album/live-at-the-wiltern-1995-mw0001643052
119,Journey into Paradise: The Larry Levan Story,Larry Levan,"April 11, 2006",02:34:51,https://www.allmusic.com/album/journey-into-paradise-the-larry-levan-story-mw0000721577
120,Hip Hop Essentials [Box Set],Various,"cember 5, 2006",12:07:04,https://www.allmusic.com/album/hip-hop-essentials-box-set-mw0000445743
121,Gold,Joe Cocker,"March 7, 2006",02:24:02,https://www.allmusic.com/album/gold-mw0000346946
122,Dance Classics: The Ultimate Collection [Universal International],Various,"March 13, 2006",03:37:36,https://www.allmusic.com/album/dance-classics-the-ultimate-collection-universal-international-mw0001442435
123,Wow #1s: 31 of the Greatest Christian Music Hits Ever,Various,"April 5, 2005",02:09:50,https://www.allmusic.com/album/wow-1s-31-of-the-greatest-christian-music-hits-ever-mw0000253097
124,Ultimate 16: Retro '80s,Various,"October 4, 2005",59:57,https://www.allmusic.com/album/ultimate-16-retro-80s-mw0000704133
125,The Essential Jean Michel Jarre,Jean-Michel Jarre,"January 25, 2005",01:06:31,https://www.allmusic.com/album/the-essential-jean-michel-jarre-mw0000705394
126,The Definitive Ol' Dirty Bastard Story,Ol' Dirty Bastard,"June 21, 2005",01:03:11,https://www.allmusic.com/album/the-definitive-ol-dirty-bastard-story-mw0000538104
127,"The 21st Century Guide to King Crimson, Vol. 2: 1981-2003",King Crimson,"October 18, 2005",05:10:38,https://www.allmusic.com/album/the-21st-century-guide-to-king-crimson-vol-2-1981-2003-mw0000181648
128,Talking Heads,Talking Heads,"October 4, 2005",14:51:28,https://www.allmusic.com/album/talking-heads-mw0000176392
129,Side Two,Adrian Belew,"July 12, 2005",33:08,https://www.allmusic.com/album/side-two-mw0000702274
130,Side One,Adrian Belew,"January 25, 2005",33:02,https://www.allmusic.com/album/side-one-mw0000374383
131,Of Hands and Hearts: Music for the Tsunami Disaster Fund,Various,"March 15, 2005",02:36:17,https://www.allmusic.com/album/of-hands-and-hearts-music-for-the-tsunami-disaster-fund-mw0000209238
132,Lone Rhino/Twang Bar King,Adrian Belew,"January 4, 2005",01:19:26,https://www.allmusic.com/album/lone-rhino-twang-bar-king-mw0000187227
133,"Live in Warsaw, 2000",King Crimson,"January 18, 2005",01:46:02,https://www.allmusic.com/album/live-in-warsaw-2000-mw0001394999
134,"King Crimson Songbook, Vol. 1",The Crimson Jazz Trio,"November 15, 2005",01:01:49,https://www.allmusic.com/album/king-crimson-songbook-vol-1-mw0000672766
135,"Hip Hop Essentials, Vol. 1",Various,"November 8, 2005",01:12:02,https://www.allmusic.com/album/hip-hop-essentials-vol-1-mw0000348253
136,Habitat,Man on Fire,"June 14, 2005",01:08:29,https://www.allmusic.com/album/habitat-mw0000425948
137,Fission Trip,Fission Trip,"September 12, 2005",57:03,https://www.allmusic.com/album/fission-trip-mw0000261776
138,Equinoxe/Zoolook,Jean-Michel Jarre,"October 24, 2005",01:17:00,https://www.allmusic.com/album/equinoxe-zoolook-mw0000519743
139,Deadwing,Porcupine Tree,"April 26, 2005",01:12:07,https://www.allmusic.com/album/deadwing-mw0000142633
140,Cronicas de un Laberinto,Jaguares,"May 31, 2005",51:45,https://www.allmusic.com/album/cronicas-de-un-laberinto-mw0000207745
141,Back Against the Wall: A Tribute to Pink Floyd,Various,"September 13, 2005",01:22:51,https://www.allmusic.com/album/back-against-the-wall-a-tribute-to-pink-floyd-mw0000170553
142,42 Days,Saul Zonana,"April 19, 2005",42:24,https://www.allmusic.com/album/42-days-mw0000149392
143,"12""/'80s/2",Various,"July 12, 2005",03:44:48,https://www.allmusic.com/album/12-quot-80s-2-mw0000688780
144,Ultimate Collection [Hip-O],Joe Cocker,"January 13, 2004",01:19:51,https://www.allmusic.com/album/ultimate-collection-hip-o-mw0002310437
145,Trampin',Patti Smith,"April 27, 2004",01:03:36,https://www.allmusic.com/album/trampin-mw0000339125
146,This Is Crucial Reggae,Culture,"August 10, 2004",51:08,https://www.allmusic.com/album/this-is-crucial-reggae-mw0000211027
147,The Studio Recordings 1972-2000,Paul Simon,"June 29, 2004",08:01:50,https://www.allmusic.com/album/the-studio-recordings-1972-2000-mw0000470471
148,The String Quartet Tribute to Mariah Carey,Vitamin String Quartet,"June 22, 2004",52:44,https://www.allmusic.com/album/the-string-quartet-tribute-to-mariah-carey-mw0000205540
149,The Collection,Cyndi Lauper,"July 13, 2004",02:24:00,https://www.allmusic.com/album/the-collection-mw0000656096
150,The Best of Talking Heads,Talking Heads,"August 17, 2004",01:17:15,https://www.allmusic.com/album/the-best-of-talking-heads-mw0000150056
151,Technical Difficulties,Training for Utopia,"April 20, 2004",01:16:38,https://www.allmusic.com/album/technical-difficulties-mw0000697472
152,"Suburbia Compilation, Vol. 2",Various,"April 20, 2004",02:25:54,https://www.allmusic.com/album/suburbia-compilation-vol-2-mw0000433273
153,Quaudiophiliac,Frank Zappa,"September 14, 2004",50:36,https://www.allmusic.com/album/quaudiophiliac-mw0000255857
154,"ProjeKct Three: Live in Austin, TX  March 25, 1999",King Crimson,"October, 2004",01:18:55,https://www.allmusic.com/album/projekct-three-live-in-austin-tx-march-25-1999-mw0001005131
155,Old School Nation!,Various,"August 10, 2004",02:31:46,https://www.allmusic.com/album/old-school-nation%21-mw0000219278
156,"Old School Jams, Vol. 5",Various,"November 30, 2004",02:35:06,https://www.allmusic.com/album/old-school-jams-vol-5-mw0000633815
157,Milk the Thrills,Frank Jordan,"February 17, 2004",46:17,https://www.allmusic.com/album/milk-the-thrills-mw0000332178
158,"Live in Philadelphia, PA: July 30, 1982",King Crimson,"April 25, 2004",01:19:29,https://www.allmusic.com/album/live-in-philadelphia-pa-july-30-1982-mw0002618499
159,"Live in Philadelphia, PA, August 26th, 1996",King Crimson,"April 25, 2004",01:44:34,https://www.allmusic.com/album/live-in-philadelphia-pa-august-26th-1996-mw0001006798
160,Has Been,William Shatner,"October 5, 2004",39:49,https://www.allmusic.com/album/has-been-mw0000167771
161,Everlasting,Rachel Z,"May 25, 2004",01:07:11,https://www.allmusic.com/album/everlasting-mw0000455695
162,Chartbuster Karaoke: Mariah Carey 1990-1993,Various,"January 1, 2004",01:06:43,https://www.allmusic.com/album/chartbuster-karaoke-mariah-carey-1990-1993-mw0001369031
163,Chartbuster Karaoke: Greatest Songs of 90s Pop Hits,Various,"cember 10, 2004",03:48:26,https://www.allmusic.com/album/chartbuster-karaoke-greatest-songs-of-90s-pop-hits-mw0001895799
164,World Moods,Nusound,"October 7, 2003",51:45,https://www.allmusic.com/album/world-moods-mw0000319238
165,The Remixes,Mariah Carey,"October 14, 2003",02:20:29,https://www.allmusic.com/album/the-remixes-mw0000319981
166,The Power to Believe Tour Box,King Crimson,"February 28, 2003",01:04:56,https://www.allmusic.com/album/the-power-to-believe-tour-box-mw0001284198
167,The Power to Believe,King Crimson,"March 4, 2003",51:11,https://www.allmusic.com/album/the-power-to-believe-mw0000018851
168,The Honorary Title,The Honorary Title,"cember 2, 2003",25:39,https://www.allmusic.com/album/the-honorary-title-mw0000695438
169,Tell It to Your Landlord,Harmonica Shah,"May 27, 2003",01:07:14,https://www.allmusic.com/album/tell-it-to-your-landlord-mw0000029616
170,Sham Rock: Irish Showbands Go Pop!,Various,"November 25, 2003",02:09:46,https://www.allmusic.com/album/sham-rock-irish-showbands-go-pop%21-mw0000322872
171,Remain in Light/Speaking in Tongues/Fear of Music,Talking Heads,"cember 2, 2003",02:01:49,https://www.allmusic.com/album/remain-in-light-speaking-in-tongues-fear-of-music-mw0001264211
172,Once in a Lifetime,Talking Heads,"November 11, 2003",03:53:41,https://www.allmusic.com/album/once-in-a-lifetime-mw0002055192
173,Eyes Wide Open,King Crimson,"October 21, 2003",?,https://www.allmusic.com/album/eyes-wide-open-mw0001347357
174,EleKtriK,King Crimson,"cember 15, 2003",01:14:46,https://www.allmusic.com/album/elektrik-mw0000742614
175,"Collectors' King Crimson, Vol. 7",King Crimson,"March 25, 2003",03:44:55,https://www.allmusic.com/album/collectors-king-crimson-vol-7-mw0000458210
176,Bringing Down the House,Various,"March 4, 2003",51:43,https://www.allmusic.com/album/bringing-down-the-house-mw0000021053
177,Zappa Picks [Larry LaLonde],Frank Zappa,"October 15, 2002",01:09:10,https://www.allmusic.com/album/zappa-picks-larry-lalonde-mw0000227118
178,Zappa Picks [Jonathan Fishman],Frank Zappa,"October 15, 2002",01:11:02,https://www.allmusic.com/album/zappa-picks-jonathan-fishman-mw0000226903
179,Wetton and Downes,Geoff Downes / John Wetton,"September 3, 2002",01:01:01,https://www.allmusic.com/album/wetton-and-downes-mw0000228975
180,US,Ryuichi Sakamoto,"October 8, 2002",02:38:16,https://www.allmusic.com/album/us-mw0000457143
181,"The Paul Simon Collection: On My Way, Don't Know Where I'm Goin'",Paul Simon,"November 5, 2002",01:43:38,https://www.allmusic.com/album/the-paul-simon-collection-on-my-way-dont-know-where-im-goin-mw0000662651
182,The Biggest Dancehall Anthems: 1979-1982,Various,"July 30, 2002",02:18:41,https://www.allmusic.com/album/the-biggest-dancehall-anthems-1979-1982-mw0000661408
183,Texas Troubadour [Snapper Long Box],Townes Van Zandt,"November 5, 2002",04:35:11,https://www.allmusic.com/album/texas-troubadour-snapper-long-box-mw0000227587
184,Shining Bright: Songs of Mike & Lal Waterson,Various,"October 22, 2002",53:41,https://www.allmusic.com/album/shining-bright-songs-of-mike-amp-lal-waterson-mw0000228025
185,She's So Unusual/True Colours,Cyndi Lauper,"June 4, 2002",01:31:15,https://www.allmusic.com/album/shes-so-unusual-true-colours-mw0000472960
186,Normal,Pretty Mighty Mighty,2002,26:28,https://www.allmusic.com/album/normal-mw0000662224
187,"Live in Nashville, TN 2001",King Crimson,"March 20, 2002",01:17:14,https://www.allmusic.com/album/live-in-nashville-tn-2001-mw0001246868
188,Live @ the Clubhouse,Tom Tom Club,"September 24, 2002",01:33:59,https://www.allmusic.com/album/live--the-clubhouse-mw0000661740
189,Happy with What You Have to Be Happy With,King Crimson,"October 8, 2002",33:00,https://www.allmusic.com/album/happy-with-what-you-have-to-be-happy-with-mw0000225401
190,"Fighting Music, Vol. 2",Various,"September 17, 2002",01:11:38,https://www.allmusic.com/album/fighting-music-vol-2-mw0000232578
191,Double Espresso,Tony Levin,"November 5, 2002",01:51:43,https://www.allmusic.com/album/double-espresso-mw0000227778
192,"Collectors' King Crimson, Vol. 6",King Crimson,"August 13, 2002",03:29:10,https://www.allmusic.com/album/collectors-king-crimson-vol-6-mw0000383058
193,Burning the Lies,Reaching Forward,"June 25, 2002",19:16,https://www.allmusic.com/album/burning-the-lies-mw0000220743
194,Built from Scratch,The X-ecutioners,"January 29, 2002",01:08:02,https://www.allmusic.com/album/built-from-scratch-mw0000213295
195,Best of Bowie,David Bowie,"October 22, 2002",01:17:57,https://www.allmusic.com/album/best-of-bowie-mw0000694821
196,WOW Hits 2002,Various,"October 23, 2001",02:12:22,https://www.allmusic.com/album/wow-hits-2002-mw0000011370
197,Vrooom Vrooom,King Crimson,"November 13, 2001",02:08:23,https://www.allmusic.com/album/vrooom-vrooom-mw0000017184
198,The Dirty Story: The Best of Ol' Dirty Bastard,Ol' Dirty Bastard,"August 28, 2001",42:51,https://www.allmusic.com/album/the-dirty-story-the-best-of-ol-dirty-bastard-mw0000012447
199,"The Child in Me, Vol. 2",Jamie deRoy,"May 29, 2001",51:44,https://www.allmusic.com/album/the-child-in-me-vol-2-mw0000011436
200,Strange Little Girls,Tori Amos,"September 18, 2001",01:02:03,https://www.allmusic.com/album/strange-little-girls-mw0000011921
201,Stereotype Be,Kevin Max,2001,01:00:59,https://www.allmusic.com/album/stereotype-be-mw0000588668
202,Solo,dc Talk,"April 24, 2001",26:46,https://www.allmusic.com/album/solo-mw0000002966
203,"ProjeKct Two: Live in Northampton, MA July 1, 1998",ProjeKct Two,"June, 2001",01:01:14,https://www.allmusic.com/album/projekct-two-live-in-northampton-ma-july-1-1998-mw0001026674
204,Music,Erick Sermon,"September 25, 2001",47:15,https://www.allmusic.com/album/music-mw0000013947
205,"Live in Berkeley, CA 1982",King Crimson,"April, 2001",01:21:31,https://www.allmusic.com/album/live-in-berkeley-ca-1982-mw0000971263
206,Live Frogs: Set 1,Les Claypool,"April 10, 2001",01:06:30,https://www.allmusic.com/album/live-frogs-set-1-mw0000000149
207,Level Five,King Crimson,"November 9, 2001",45:48,https://www.allmusic.com/album/level-five-mw0000376123
208,Jar of Gems,Jars of Clay,"September 25, 2001",01:13:33,https://www.allmusic.com/album/jar-of-gems-mw0000521821
209,Greatest Hits,Mariah Carey,"cember 4, 2001",02:03:00,https://www.allmusic.com/album/greatest-hits-mw0000525508
210,Enemies,Frank Jordan,"August 7, 2001",37:36,https://www.allmusic.com/album/enemies-mw0000590815
211,Critical Bandwidth [Nu Tone],Various,"July 10, 2001",01:08:01,https://www.allmusic.com/album/critical-bandwidth-nu-tone-mw0000589742
212,"Collectors' King Crimson, Vol. 4",King Crimson,"August 28, 2001",03:08:40,https://www.allmusic.com/album/collectors-king-crimson-vol-4-mw0001208905
213,Classic Rock Hits [Dead Line],Various,"August 21, 2001",03:56:16,https://www.allmusic.com/album/classic-rock-hits-dead-line-mw0001958638
214,Car Caught Fire,The Bears,2001,50:26,https://www.allmusic.com/album/car-caught-fire-mw0000303760
215,Blood Sweat and Years,JT Money,"April 3, 2001",51:41,https://www.allmusic.com/album/blood-sweat-and-years-mw0000002041
216,(All Tie Zer),Rick Altizer,2001,46:10,https://www.allmusic.com/album/all-tie-zer-mw0000658137
217,World of Bright Futures,Tim Bowness,"July 11, 2000",58:37,https://www.allmusic.com/album/world-of-bright-futures-mw0000614620
218,WOW Gold,Various,"June 20, 2000",02:11:52,https://www.allmusic.com/album/wow-gold-mw0000608638
219,The Family Man,Various,"cember 5, 2000",52:40,https://www.allmusic.com/album/the-family-man-mw0000110697
220,The ConstruKction of Light,King Crimson,"May 23, 2000",01:23:55,https://www.allmusic.com/album/the-construkction-of-light-mw0000066513
221,Talk Normal: The Laurie Anderson Anthology,Laurie Anderson,"October 17, 2000",02:32:54,https://www.allmusic.com/album/talk-normal-the-laurie-anderson-anthology-mw0000101565
222,Rumours: The String Quartet Tribute to Fleetwood Mac,Vitamin String Quartet,"March 7, 2000",38:16,https://www.allmusic.com/album/rumours-the-string-quartet-tribute-to-fleetwood-mac-mw0000055512
223,Outbound,Béla Fleck & the Flecktones,"July 25, 2000",59:54,https://www.allmusic.com/album/outbound-mw0000609323
224,"Nashville Rehearsals, 1997",King Crimson,"November, 2000",01:07:24,https://www.allmusic.com/album/nashville-rehearsals-1997-mw0001196729
225,Monday Night in San Francisco,California Guitar Trio,2000,01:42:04,https://www.allmusic.com/album/monday-night-in-san-francisco-mw0001216480
226,Mariah Carey Story,Mariah Carey,"March 14, 2000",20:44,https://www.allmusic.com/album/mariah-carey-story-mw0000331275
227,Love Compartment,R. Stevie Moore,"June, 2000",01:12:35,https://www.allmusic.com/album/love-compartment-mw0000990844
228,Japanese Sandman,Freddy Gardner,"November 28, 2000",?,https://www.allmusic.com/album/japanese-sandman-mw0001154302
229,"Images of Africa, Vol. 3",Various,"August 29, 2000",47:49,https://www.allmusic.com/album/images-of-africa-vol-3-mw0000011203
230,Hot Hits: 90's Chartbusters,The Countdown Singers,"April 25, 2000",50:36,https://www.allmusic.com/album/hot-hits-90s-chartbusters-mw0000063814
231,Heavy ConstruKction,King Crimson,"November 7, 2000",02:18:04,https://www.allmusic.com/album/heavy-construkction-mw0000107390
232,Greatest Hits: Shining Like a National Guitar,Paul Simon,"May 23, 2000",01:16:56,https://www.allmusic.com/album/greatest-hits-shining-like-a-national-guitar-mw0000456095
233,"Discipline: Live at Moles Club, Bath 1981",Discipline,"June, 2000",53:46,https://www.allmusic.com/album/discipline-live-at-moles-club-bath-1981-mw0001192279
234,Dans La Lune,Nicola Sirkis,"May 15, 2000",44:54,https://www.allmusic.com/album/dans-la-lune-mw0001067558
235,Coming Attractions,Adrian Belew,2000,49:44,https://www.allmusic.com/album/coming-attractions-mw0000604570
236,"Collectors' King Crimson, Vol. 3",King Crimson,"August 8, 2000",03:15:12,https://www.allmusic.com/album/collectors-king-crimson-vol-3-mw0000371629
237,"Collectors' King Crimson, Vol. 2 [Pony Canyon]",King Crimson,"January 25, 2000",02:41:47,https://www.allmusic.com/album/collectors-king-crimson-vol-2-pony-canyon-mw0000368153
238,A Tribute to Mariah Carey,Various,"November 14, 2000",54:18,https://www.allmusic.com/album/a-tribute-to-mariah-carey-mw0000104022
239,A Beginners' Guide to the King Crimson Collectors' Club,King Crimson,2000,59:07,https://www.allmusic.com/album/a-beginners-guide-to-the-king-crimson-collectors-club-mw0001218574
240,A Beginner's Guide to Projekcts,King Crimson,"August 8, 2000",01:12:27,https://www.allmusic.com/album/a-beginners-guide-to-projekcts-mw0001890864
241,20th Century Masters: The Millennium Collection: Best of Joan Armatrading,Joan Armatrading,"August 29, 2000",48:19,https://www.allmusic.com/album/20th-century-masters-the-millennium-collection-best-of-joan-armatrading-mw0000092601
242,When Pigs Fly,The Irresponsibles,1999,40:05,https://www.allmusic.com/album/when-pigs-fly-mw0001118246
243,West Coast Live,ProjeKct Four,"July 15, 1999",?,https://www.allmusic.com/album/west-coast-live-mw0000771387
244,WOW The 90's: 30 Top Christian Songs of the Decade,Various,"July 20, 1999",02:18:54,https://www.allmusic.com/album/wow-the-90s-30-top-christian-songs-of-the-decade-mw0000243261
245,"The VROOOM Sessions, 1994",King Crimson,"October, 1999",51:19,https://www.allmusic.com/album/the-vrooom-sessions-1994-mw0000970147
246,The ProjeKcts,King Crimson,"October 26, 1999",03:24:54,https://www.allmusic.com/album/the-projekcts-mw0000671140
247,The Fragile,Nine Inch Nails,"September 21, 1999",01:43:40,https://www.allmusic.com/album/the-fragile-mw0000246196
248,The Deception of the Thrush,King Crimson,"October 26, 1999",01:12:29,https://www.allmusic.com/album/the-deception-of-the-thrush-mw0000671352
249,The Anthology,Joe Cocker,"August 17, 1999",02:32:40,https://www.allmusic.com/album/the-anthology-mw0000249074
250,Still I Rise,2Pac / Outlawz,"cember 14, 1999",01:12:45,https://www.allmusic.com/album/still-i-rise-mw0000257800
251,Sony Music 100 Years: Soundtrack for a Century,Various,"October 12, 1999",08:52:01,https://www.allmusic.com/album/sony-music-100-years-soundtrack-for-a-century-mw0000247901
252,Son of Cheap Thrills,Frank Zappa,"April 27, 1999",44:36,https://www.allmusic.com/album/son-of-cheap-thrills-mw0000239573
253,Romantic Dreams,Mariah Carey,1999,01:12:05,https://www.allmusic.com/album/romantic-dreams-mw0001728932
254,R&B: From Doo Wop to Hip Hop,Various,"October 12, 1999",02:32:55,https://www.allmusic.com/album/r-amp-b-from-doo-wop-to-hip-hop-mw0001078496
255,Orchestral Tubular Bells Box,Mike Oldfield,"April 27, 1999",02:05:39,https://www.allmusic.com/album/orchestral-tubular-bells-box-mw0000538113
256,On Broadway: Live In NYC 1995,King Crimson,"June, 1999",01:52:58,https://www.allmusic.com/album/on-broadway-live-in-nyc-1995-mw0000965233
257,Meetings with Remarkable Friends,Artie Traum,"February 23, 1999",52:40,https://www.allmusic.com/album/meetings-with-remarkable-friends-mw0000048122
258,Make Me an Island: Best of Joe Dolan,Joe Dolan,1999,01:15:57,https://www.allmusic.com/album/make-me-an-island-best-of-joe-dolan-mw0000478467
259,Live in San Francisco: The Roar of P4,ProjeKct Four,"August, 1999",01:17:12,https://www.allmusic.com/album/live-in-san-francisco-the-roar-of-p4-mw0001148011
260,"Live at the Fox Theatre, Atlanta 1977",Frank Zappa,1999,02:10:24,https://www.allmusic.com/album/live-at-the-fox-theatre-atlanta-1977-mw0001439650
261,"Live at Cap D'Agde, 1982",King Crimson,"April, 1999",01:00:28,https://www.allmusic.com/album/live-at-cap-dagde-1982-mw0001162893
262,Live In Italy [Magnum #2],Jerry Lee Lewis,"November 23, 1999",01:00:54,https://www.allmusic.com/album/live-in-italy-magnum-2-mw0000204446
263,Live Groove,ProjeKct Two,"January 7, 1999",?,https://www.allmusic.com/album/live-groove-mw0001166268
264,Deja Vrooom,King Crimson,1999,?,https://www.allmusic.com/album/deja-vrooom-mw0000941597
265,Collection: 1981-1987,Ryuichi Sakamoto,"September 28, 1999",07:45:15,https://www.allmusic.com/album/collection-1981-1987-mw0001078074
266,Cirkus: The Young Person's Guide to King Crimson - Live,King Crimson,"April 13, 1999",01:20:30,https://www.allmusic.com/album/cirkus-the-young-persons-guide-to-king-crimson-live-mw0000240685
267,"Chartbuster Karaoke: Mariah Carey, Vol. 1",Various,1999,52:23,https://www.allmusic.com/album/chartbuster-karaoke-mariah-carey-vol-1-mw0001037126
268,Around the World,Mariah Carey,"April 20, 1999",52:29,https://www.allmusic.com/album/around-the-world-mw0000666429
269,21st Century Schizoid Man,King Crimson,"April 13, 1999",?,https://www.allmusic.com/album/21st-century-schizoid-man-mw0000372854
270,#1's [Video],Mariah Carey,"November 23, 1999",?,https://www.allmusic.com/album/1s-video-mw0002408766
271,Two Kinds of Laughter,Sara Hickman,"March 17, 1998",51:20,https://www.allmusic.com/album/two-kinds-of-laughter-mw0000597829
272,The Recipe,Mack 10,"October 6, 1998",01:05:41,https://www.allmusic.com/album/the-recipe-mw0000037459
273,The Professional,DJ Clue?,"cember 8, 1998",01:14:00,https://www.allmusic.com/album/the-professional-mw0000042277
274,Space Groove,ProjeKct Two,"April 7, 1998",01:32:55,https://www.allmusic.com/album/space-groove-mw0000598379
275,"Sometimes God Smiles: The Young Person's Guide to Discipline, Vol. 2",Various,"October 13, 1998",01:12:10,https://www.allmusic.com/album/sometimes-god-smiles-the-young-persons-guide-to-discipline-vol-2-mw0000601311
276,Salad Days,Adrian Belew,1998,50:25,https://www.allmusic.com/album/salad-days-mw0000602446
277,Monty Montgomery Is Demo-Liscious,Monty Montgomery,1998,59:35,https://www.allmusic.com/album/monty-montgomery-is-demo-liscious-mw0000976407
278,"Lefty Loose, Righty Tight",Rob Fetters,1998,42:04,https://www.allmusic.com/album/lefty-loose-righty-tight-mw0000310066
279,Hard Rain [Music from the Motion Picture],Christopher Young,"January 13, 1998",51:21,https://www.allmusic.com/album/hard-rain-music-from-the-motion-picture-mw0000596982
280,Elevator,Curd Duca,"March 16, 1998",46:40,https://www.allmusic.com/album/elevator-mw0000258063
281,Blue Plate Special,Rick Altizer,1998,42:24,https://www.allmusic.com/album/blue-plate-special-mw0000666123
282,"Belew Prints: The Acoustic Adrian Belew, Vol. 2",Adrian Belew,"January 13, 1998",48:05,https://www.allmusic.com/album/belew-prints-the-acoustic-adrian-belew-vol-2-mw0000377749
283,Absent Lovers: Live in Montreal 1984,King Crimson,"June 23, 1998",01:47:01,https://www.allmusic.com/album/absent-lovers-live-in-montreal-1984-mw0000039328
284,#1's,Mariah Carey,"November 17, 1998",01:13:10,https://www.allmusic.com/album/1s-mw0000044055
285,Ventilazione,Ivano Fossati,"April 28, 1997",37:43,https://www.allmusic.com/album/ventilazione-mw0000347958
286,The Sugar Hill Records Story,Various,"February 4, 1997",06:36:45,https://www.allmusic.com/album/the-sugar-hill-records-story-mw0000083414
287,Sometimes God Hides: The Young Person's Guide to Discipline,Various,"March 18, 1997",01:18:49,https://www.allmusic.com/album/sometimes-god-hides-the-young-persons-guide-to-discipline-mw0000023359
288,She's So Unusual/True Colors/Hat Full of Stars,Cyndi Lauper,"August 12, 1997",37:57,https://www.allmusic.com/album/shes-so-unusual-true-colors-hat-full-of-stars-mw0000026724
289,Op Zop Too Wah,Adrian Belew,1997,55:55,https://www.allmusic.com/album/op-zop-too-wah-mw0000079345
290,Historia,Caifanes,"July 1, 1997",01:44:16,https://www.allmusic.com/album/historia-mw0000027560
291,Gunman/Righteous Are the Conqueror,Michael Prophet,"cember 1, 1997",01:15:09,https://www.allmusic.com/album/gunman-righteous-are-the-conqueror-mw0000069486
292,Disturbed,R. Stevie Moore,1997,01:43:08,https://www.allmusic.com/album/disturbed-mw0001894541
293,Alternative Biography,David Bowie,1997,?,https://www.allmusic.com/album/alternative-biography-mw0001039104
294,Twang!: A Tribute to Hank Marvin & the Shadows,Various,"October 29, 1996",45:34,https://www.allmusic.com/album/twang%21-a-tribute-to-hank-marvin-amp-the-shadows-mw0000440966
295,Thrakattak,King Crimson,"June 25, 1996",57:11,https://www.allmusic.com/album/thrakattak-mw0000190113
296,Seltzer,Various,"August 20, 1996",55:28,https://www.allmusic.com/album/seltzer-mw0000071306
297,Rock and Roll Hoochie Koo: The Best of Rick Derringer,Rick Derringer,"September 3, 1996",01:02:51,https://www.allmusic.com/album/rock-and-roll-hoochie-koo-the-best-of-rick-derringer-mw0000074092
298,Live in Japan 1995,King Crimson,"November 26, 1996",?,https://www.allmusic.com/album/live-in-japan-1995-mw0000597172
299,Heavy Breathing: The Crunch High-Energy Workout,Various,1996,01:00:32,https://www.allmusic.com/album/heavy-breathing-the-crunch-high-energy-workout-mw0000081131
300,Fantasy: Mariah Carey at Madison Square Garden,Mariah Carey,"February 13, 1996",46:06,https://www.allmusic.com/album/fantasy-mariah-carey-at-madison-square-garden-mw0000183899
301,Come and Get It: A Tribute to Badfinger,Various,1996,01:17:08,https://www.allmusic.com/album/come-and-get-it-a-tribute-to-badfinger-mw0000956025
302,Black a Da Berry,Alfonzo Hunter,"October 29, 1996",52:08,https://www.allmusic.com/album/black-a-da-berry-mw0000079109
303,Weasel,Gutterball,"April 14, 1995",58:20,https://www.allmusic.com/album/weasel-mw0000171946
304,Walking on Air,King Crimson,"October 17, 1995",?,https://www.allmusic.com/album/walking-on-air-mw0000645970
305,Vowel Movement,Vowel Movement,1995,?,https://www.allmusic.com/album/vowel-movement-mw0000644374
306,Twelve Deadly Cyns...and Then Some,Cyndi Lauper,"July 18, 1995",57:45,https://www.allmusic.com/album/twelve-deadly-cynsand-then-some-mw0000174189
307,"The Guitar as Ochestra: Experimental Guitar Series, Vol. 1",Adrian Belew,"November 14, 1995",50:30,https://www.allmusic.com/album/the-guitar-as-ochestra-experimental-guitar-series-vol-1-mw0000645953
308,THRAK,King Crimson,"April, 1995",48:33,https://www.allmusic.com/album/thrak-mw0000125655
309,Soul of a Man: Live/Rekooperation,Al Kooper,1995,01:53:37,https://www.allmusic.com/album/soul-of-a-man-live-rekooperation-mw0000123190
310,Sex Sleep Eat Drink Dream,King Crimson,1995,?,https://www.allmusic.com/album/sex-sleep-eat-drink-dream-mw0001020576
311,Oxeia,Love Is Colder than Death,"May 16, 1995",38:19,https://www.allmusic.com/album/oxeia-mw0000644924
312,One Sweet Day,Mariah Carey,"November 14, 1995",09:51,https://www.allmusic.com/album/one-sweet-day-mw0000182663
313,Movin' Up/Adventure Time,The Elvis Brothers,"October 3, 1995",01:13:45,https://www.allmusic.com/album/movin-up-adventure-time-mw0000942509
314,Live [Prime Cuts],Jerry Lee Lewis,1995,31:21,https://www.allmusic.com/album/live-prime-cuts-mw0000205689
315,Jars of Clay,Jars of Clay,"October 24, 1995",01:05:32,https://www.allmusic.com/album/jars-of-clay-mw0000176672
316,Illumination,S.F.C.,"February 28, 1995",50:00,https://www.allmusic.com/album/illumination-mw0000125657
317,Gang Affiliated,Gospel Gangstaz,"February 28, 1995",57:37,https://www.allmusic.com/album/gang-affiliated-mw0000122189
318,For the Love of Harry: Everybody Sings Nilsson,Various,"May 9, 1995",01:16:56,https://www.allmusic.com/album/for-the-love-of-harry-everybody-sings-nilsson-mw0000172153
319,Fantasy,Mariah Carey,1995,29:17,https://www.allmusic.com/album/fantasy-mw0000176223
320,Dinosaur,King Crimson,1995,23:27,https://www.allmusic.com/album/dinosaur-mw0000644144
321,Daydream,Mariah Carey,"October 3, 1995",46:36,https://www.allmusic.com/album/daydream-mw0000179794
322,Curb Servin',WC and the Maad Circle,"October 3, 1995",49:50,https://www.allmusic.com/album/curb-servin-mw0000645605
323,B'Boom: Official Bootleg - Live in Argentina,King Crimson,1995,01:51:06,https://www.allmusic.com/album/bboom-official-bootleg-live-in-argentina-mw0000180766
324,Acoustic Adrian Belew,Adrian Belew,1995,29:15,https://www.allmusic.com/album/acoustic-adrian-belew-mw0000535989
325,VROOOM,King Crimson,1994,30:37,https://www.allmusic.com/album/vrooom-mw0000121634
326,The Downward Spiral,Nine Inch Nails,"March 8, 1994",01:05:08,https://www.allmusic.com/album/the-downward-spiral-mw0000110711
327,The Diary,Scarface,"October 18, 1994",43:09,https://www.allmusic.com/album/the-diary-mw0000119182
328,Soundbytes,Ryuichi Sakamoto,1994,55:53,https://www.allmusic.com/album/soundbytes-mw0000112990
329,Simbolos,Santa Sabina,"July 19, 1994",46:04,https://www.allmusic.com/album/simbolos-mw0000601485
330,"Signed Sealed Delivered, Vol. 3",Various,1994,01:05:15,https://www.allmusic.com/album/signed-sealed-delivered-vol-3-mw0001186250
331,Raisins,Raisins,1994,53:16,https://www.allmusic.com/album/raisins-mw0000891962
332,On & On: The Hits of Stephen Bishop,Stephen Bishop,1994,01:05:35,https://www.allmusic.com/album/on-amp-on-the-hits-of-stephen-bishop-mw0000118199
333,Necessary Angels,Sara Hickman,1994,55:48,https://www.allmusic.com/album/necessary-angels-mw0000627431
334,Kindred Way,Kindred Way,1994,31:11,https://www.allmusic.com/album/kindred-way-mw0000124366
335,Here,Adrian Belew,1994,43:11,https://www.allmusic.com/album/here-mw0000111288
336,Gunman,Big Daddy Kane,1994,?,https://www.allmusic.com/album/gunman-mw0000111242
337,Call Mi Sister Carol,Sister Carol,1994,45:39,https://www.allmusic.com/album/call-mi-sister-carol-mw0000626722
338,Bright Red,Laurie Anderson,"October 25, 1994",52:19,https://www.allmusic.com/album/bright-red-mw0000117753
339,Biggest Singles 1977-1982,Forward,1994,37:31,https://www.allmusic.com/album/biggest-singles-1977-1982-mw0000447159
340,The World Is Yours,Scarface,"August 17, 1993",01:09:48,https://www.allmusic.com/album/the-world-is-yours-mw0000103673
341,The Singles: 1969-1993,David Bowie,"November 16, 1993",02:33:23,https://www.allmusic.com/album/the-singles-1969-1993-mw0000526484
342,The Paul Simon Anthology,Paul Simon,1993,02:28:08,https://www.allmusic.com/album/the-paul-simon-anthology-mw0000461438
343,The Concise King Crimson,King Crimson,"October 19, 1993",01:14:17,https://www.allmusic.com/album/the-concise-king-crimson-mw0000104340
344,The Best of Joe Dolan [Castle],Joe Dolan,"September 13, 1993",02:22:01,https://www.allmusic.com/album/the-best-of-joe-dolan-castle-mw0001196088
345,"Shame, Shame, Shame",Smiley Lewis,1993,03:57:24,https://www.allmusic.com/album/shame-shame-shame-mw0000122955
346,Serenades,Anathema,1993,01:15:42,https://www.allmusic.com/album/serenades-mw0000113458
347,Paul Simon 1964/1993,Paul Simon,"September 28, 1993",03:20:54,https://www.allmusic.com/album/paul-simon-1964-1993-mw0001977098
348,Guitar Tribute to the Beatles: Come Together,Various,1993,52:20,https://www.allmusic.com/album/guitar-tribute-to-the-beatles-come-together-mw0000105414
349,Field Work/Steppin' into Asia/The Arrangement,Ryuichi Sakamoto,1993,01:05:33,https://www.allmusic.com/album/field-work-steppin-into-asia-the-arrangement-mw0000768174
350,Elements: Mike Oldfield 1973-1991,Mike Oldfield,"November 16, 1993",05:05:47,https://www.allmusic.com/album/elements-mike-oldfield-1973-1991-mw0000106916
351,Zimbabwe Legit,Zimbabwe Legit,"March 10, 1992",29:43,https://www.allmusic.com/album/zimbabwe-legit-mw0000275778
352,"You Can't Do That on Stage Anymore, Vol. 6",Frank Zappa,"October 23, 1992",02:17:26,https://www.allmusic.com/album/you-cant-do-that-on-stage-anymore-vol-6-mw0000093597
353,"Street Jams: Hip-Hop from the Top, Vol. 2",Various,1992,01:11:02,https://www.allmusic.com/album/street-jams-hip-hop-from-the-top-vol-2-mw0000278689
354,"Library of Sound Effects, Vol. 5",Various,1992,01:14:46,https://www.allmusic.com/album/library-of-sound-effects-vol-5-mw0000080855
355,Inner Revolution,Adrian Belew,"February, 1992",39:38,https://www.allmusic.com/album/inner-revolution-mw0000275260
356,For Lovers and Others: Force M.D.'s Greatest Hits,Force M.D.'s,"February 18, 1992",58:13,https://www.allmusic.com/album/for-lovers-and-others-force-mds-greatest-hits-mw0000277784
357,Everything,Mac Band,"February 14, 1992",?,https://www.allmusic.com/album/everything-mw0000677846
358,El Silencio,Caifanes,"July, 1992",58:10,https://www.allmusic.com/album/el-silencio-mw0000099512
359,The Abbreviated King Crimson,King Crimson,"October 11, 1991",23:01,https://www.allmusic.com/album/the-abbreviated-king-crimson-mw0000270835
360,"Somehow, Someway",Chris Cuevas,1991,?,https://www.allmusic.com/album/somehow-someway-mw0000266812
361,Reaching a Level of Assassination,Funkytown Pros,1991,50:09,https://www.allmusic.com/album/reaching-a-level-of-assassination-mw0000850529
362,H.E.A.L.: Civilization Vs. Technology,HEAL,"September 20, 1991",52:52,https://www.allmusic.com/album/heal-civilization-vs-technology-mw0000263896
363,Guitar Speak 3,Various,1991,40:35,https://www.allmusic.com/album/guitar-speak-3-mw0000675373
364,Frame by Frame: The Essential King Crimson,King Crimson,1991,04:37:20,https://www.allmusic.com/album/frame-by-frame-the-essential-king-crimson-mw0000269041
365,Dice Rules,Andrew Dice Clay,1991,39:12,https://www.allmusic.com/album/dice-rules-mw0000263356
366,Desire of the Rhino King,Adrian Belew,1991,01:11:58,https://www.allmusic.com/album/desire-of-the-rhino-king-mw0000269154
367,Young Lions,Adrian Belew,"May, 1990",37:55,https://www.allmusic.com/album/young-lions-mw0000204700
368,Walk on Water,Jerry Harrison,1990,55:54,https://www.allmusic.com/album/walk-on-water-mw0000204762
369,The Rhythm of the Saints,Paul Simon,"October, 1990",44:34,https://www.allmusic.com/album/the-rhythm-of-the-saints-mw0000202777
370,Pretty Pink Rose,Adrian Belew,1990,12:40,https://www.allmusic.com/album/pretty-pink-rose-mw0000208069
371,Getting the Most out of Your Extinction,Iron Christ,"July 18, 1990",?,https://www.allmusic.com/album/getting-the-most-out-of-your-extinction-mw0000317614
372,Sound + Vision,David Bowie,"September, 1989",04:49:55,https://www.allmusic.com/album/sound-vision-mw0000653974
373,One Glance Is Holy,Mike Oldfield,1989,16:56,https://www.allmusic.com/album/one-glance-is-holy-mw0000878161
374,Mr. Music Head,Adrian Belew,"April, 1989",45:09,https://www.allmusic.com/album/mr-music-head-mw0000199194
375,Moons of Jupiter,Scruffy the Cat,1989,48:39,https://www.allmusic.com/album/moons-of-jupiter-mw0000653004
376,Max Q,Max Q,1989,46:07,https://www.allmusic.com/album/max-q-mw0000202045
377,Larger Than Life,Jody Watley,1989,01:01:59,https://www.allmusic.com/album/larger-than-life-mw0000203768
378,Earth Moving,Mike Oldfield,1989,41:15,https://www.allmusic.com/album/earth-moving-mw0000654041
379,Christmas Guitars,Various,1989,45:57,https://www.allmusic.com/album/christmas-guitars-mw0000078600
380,You Can't Do That on Stage [Sampler],Frank Zappa,1988,?,https://www.allmusic.com/album/you-cant-do-that-on-stage-sampler-mw0000863764
381,"You Can't Do That on Stage Anymore, Vol. 1",Frank Zappa,"May 16, 1988",02:17:23,https://www.allmusic.com/album/you-cant-do-that-on-stage-anymore-vol-1-mw0000194897
382,Rise and Shine,The Bears,"April, 1988",48:39,https://www.allmusic.com/album/rise-and-shine-mw0000199179
383,Negotiations and Love Songs 1971-1986,Paul Simon,"October, 1988",01:03:08,https://www.allmusic.com/album/negotiations-and-love-songs-1971-1986-mw0000197647
384,The Cucumbers,The Cucumbers,1987,31:58,https://www.allmusic.com/album/the-cucumbers-mw0000198325
385,The Compact King Crimson,King Crimson,1987,01:10:10,https://www.allmusic.com/album/the-compact-king-crimson-mw0000190502
386,The Bears,The Bears,1987,33:30,https://www.allmusic.com/album/the-bears-mw0000649879
387,True Colors,Cyndi Lauper,1986,37:57,https://www.allmusic.com/album/true-colors-mw0000190613
388,Lou and the Q,Captain Lou Albano / NRBQ,1986,?,https://www.allmusic.com/album/lou-and-the-q-mw0000313066
389,I Am What I Am,Pia Zadora,1986,06:30,https://www.allmusic.com/album/i-am-what-i-am-mw0000192442
390,Home of the Brave,Laurie Anderson,1986,34:08,https://www.allmusic.com/album/home-of-the-brave-mw0000649832
391,Gravity Is Mutual,Scott Merritt,1986,39:36,https://www.allmusic.com/album/gravity-is-mutual-mw0001892336
392,Graceland,Paul Simon,"August 25, 1986",01:03:19,https://www.allmusic.com/album/graceland-mw0000195707
393,Desire Caught by the Tail,Adrian Belew,1986,32:59,https://www.allmusic.com/album/desire-caught-by-the-tail-mw0000195892
394,Chillin',Force M.D.'s,1986,36:32,https://www.allmusic.com/album/chillin-mw0000650157
395,The Noise: Live at Frejus '82,King Crimson,1985,?,https://www.allmusic.com/album/the-noise-live-at-frejus-82-mw0000031929
396,Electronic Guitar,Adrian Belew,1985,?,https://www.allmusic.com/album/electronic-guitar-mw0001075197
397,Adventure Time,The Elvis Brothers,1985,32:38,https://www.allmusic.com/album/adventure-time-mw0001882657
398,Zoolook,Jean-Michel Jarre,1984,18:47,https://www.allmusic.com/album/zoolook-mw0000194321
399,Three of a Perfect Pair,King Crimson,"July, 1984",40:59,https://www.allmusic.com/album/three-of-a-perfect-pair-mw0000194481
400,Stop Making Sense [Video],Talking Heads,1984,?,https://www.allmusic.com/album/stop-making-sense-video-mw0000881245
401,Stop Making Sense,Talking Heads,"October 23, 1984",44:51,https://www.allmusic.com/album/stop-making-sense-mw0000191998
402,Slide It In,Whitesnake,1984,40:06,https://www.allmusic.com/album/slide-it-in-mw0000192426
403,November's Heat,Certain General,1984,42:58,https://www.allmusic.com/album/novembers-heat-mw0000052048
404,Mister Heartbreak,Laurie Anderson,1984,40:19,https://www.allmusic.com/album/mister-heartbreak-mw0000189067
405,Lights Out,Peter Wolf,1984,41:10,https://www.allmusic.com/album/lights-out-mw0000192485
406,Twang Bar King,Adrian Belew,"September, 1983",42:59,https://www.allmusic.com/album/twang-bar-king-mw0000312825
407,The Key,Joan Armatrading,"March, 1983",38:26,https://www.allmusic.com/album/the-key-mw0000189075
408,The Best of Music & Rhythm,Various,1983,56:22,https://www.allmusic.com/album/the-best-of-music-amp-rhythm-mw0000192486
409,Get Crazy [Video],Various,1983,?,https://www.allmusic.com/album/get-crazy-video-mw0001076615
410,For to Next/And Not Or,Steve Hillage,1983,01:18:39,https://www.allmusic.com/album/for-to-next-and-not-or-mw0000690804
411,Baby Snakes,Frank Zappa,"March, 1983",36:20,https://www.allmusic.com/album/baby-snakes-mw0000197268
412,The Name of This Band Is Talking Heads,Talking Heads,"March 24, 1982",02:36:28,https://www.allmusic.com/album/the-name-of-this-band-is-talking-heads-mw0000199932
413,The Arrangement,Ryuichi Sakamoto / Robin Scott,1982,37:41,https://www.allmusic.com/album/the-arrangement-mw0000949417
414,Sheffield Steel,Joe Cocker,"May 22, 1982",38:19,https://www.allmusic.com/album/sheffield-steel-mw0000644514
415,Maybe It's Live,Robert Palmer,1982,36:30,https://www.allmusic.com/album/maybe-its-live-mw0000054525
416,Lone Rhino,Adrian Belew,"July, 1982",36:33,https://www.allmusic.com/album/lone-rhino-mw0000691303
417,Beat,King Crimson,"June 18, 1982",35:21,https://www.allmusic.com/album/beat-mw0000194479
418,Untitled Picture Disc,Frank Zappa,1981,?,https://www.allmusic.com/album/untitled-picture-disc-mw0000973180
419,Tom Tom Club,Tom Tom Club,"October, 1981",02:12:57,https://www.allmusic.com/album/tom-tom-club-mw0000651118
420,The Red and the Black,Jerry Harrison,1981,40:32,https://www.allmusic.com/album/the-red-and-the-black-mw0000846336
421,The Catherine Wheel,David Byrne,"cember, 1981",01:08:53,https://www.allmusic.com/album/the-catherine-wheel-mw0000196850
422,Magic Windows,Herbie Hancock,1981,42:43,https://www.allmusic.com/album/magic-windows-mw0000532689
423,Left Handed Dream,Ryuichi Sakamoto,1981,01:27:25,https://www.allmusic.com/album/left-handed-dream-mw0000542985
424,Genius of Love,Tom Tom Club,1981,?,https://www.allmusic.com/album/genius-of-love-mw0000973936
425,Escape Artist,Garland Jeffreys,1981,57:24,https://www.allmusic.com/album/escape-artist-mw0000310354
426,Discipline,King Crimson,"September 22, 1981",38:08,https://www.allmusic.com/album/discipline-mw0000196148
427,Changestwobowie,David Bowie,1981,42:37,https://www.allmusic.com/album/changestwobowie-mw0000836700
428,Another Face,David Bowie,1981,?,https://www.allmusic.com/album/another-face-mw0000852105
429,Remain in Light,Talking Heads,"October 8, 1980",39:48,https://www.allmusic.com/album/remain-in-light-mw0000192118
430,Tiny Nightmares,Frank Zappa,1979,?,https://www.allmusic.com/album/tiny-nightmares-mw0001013571
431,Sheik Yerbouti,Frank Zappa,"March 3, 1979",01:10:22,https://www.allmusic.com/album/sheik-yerbouti-mw0000204098
432,Lodger,David Bowie,1979,45:41,https://www.allmusic.com/album/lodger-mw0000251982
433,Wax Flags,Frank Zappa,1978,?,https://www.allmusic.com/album/wax-flags-mw0001892195
434,Stage,David Bowie,1978,01:17:17,https://www.allmusic.com/album/stage-mw0000193055
435,Rumours,Fleetwood Mac,"February 4, 1977",39:03,https://www.allmusic.com/album/rumours-mw0000193833
436,Paul Simon,Paul Simon,"January, 1972",34:03,https://www.allmusic.com/album/paul-simon-mw0000197568
437,The Music Emporium,The Music Emporium,1969,46:14,https://www.allmusic.com/album/the-music-emporium-mw0000012821
438,Caught in the Blue Light,Bill Wolfer,1963,01:05:44,https://www.allmusic.com/album/caught-in-the-blue-light-mw0000310993
439,Am I That Easy to Forget?,Debbie Reynolds,1960,27:15,https://www.allmusic.com/album/am-i-that-easy-to-forget-mw0003365894
440,Years In the Garden of Years,Edensong,?,01:10:56,https://www.allmusic.com/album/years-in-the-garden-of-years-mw0002969502
441,UniKuE,UniKuE,?,28:18,https://www.allmusic.com/album/unikue-mw0003137340
442,Unholy Triad,Kevin Max,?,?,https://www.allmusic.com/album/unholy-triad-mw0002160880
443,Too Much Happiness: A Romantic's Guide to King Crimson,The Mastelottos,?,56:11,https://www.allmusic.com/album/too-much-happiness-a-romantics-guide-to-king-crimson-mw0003474362
444,The Many Faces of King Crimson,Various,?,02:40:33,https://www.allmusic.com/album/the-many-faces-of-king-crimson-mw0002956256
445,The Many Faces of David Bowie,Various,?,02:40:23,https://www.allmusic.com/album/the-many-faces-of-david-bowie-mw0002911224
446,The Everlasting Songs: An All Star Tribute to Pink Floyd,Various,?,59:44,https://www.allmusic.com/album/the-everlasting-songs-an-all-star-tribute-to-pink-floyd-mw0002807705
447,The  Time Is Now!,Various,?,58:11,https://www.allmusic.com/album/the-time-is-now%21-mw0002988792
448,Suffragette City,David Bowie,?,?,https://www.allmusic.com/album/suffragette-city-mw0002227283
449,"Smooth Rock: Yacht Rock, Easy Listening and Rock Ballads",Various,?,03:33:32,https://www.allmusic.com/album/smooth-rock-yacht-rock-easy-listening-and-rock-ballads-mw0003389514
450,Smash Hits: Punk and New Wave,Various,?,?,https://www.allmusic.com/album/smash-hits-punk-and-new-wave-mw0003061843
451,"Saratogo Psycho: US, 1973",Talking Heads,?,01:19:10,https://www.allmusic.com/album/saratogo-psycho-us-1973-mw0002844788
452,Roots of Pink Floyd,Various,?,?,https://www.allmusic.com/album/roots-of-pink-floyd-mw0002825437
453,Piper,Adrian Belew,?,05:43,https://www.allmusic.com/album/piper-mw0002966042
454,Party Tyme Karaoke: Variety Female Hits 1,Party Tyme Karaoke,?,05:20:36,https://www.allmusic.com/album/party-tyme-karaoke-variety-female-hits-1-mw0003314815
455,Pacific 231,Raphaël Haroche / Raphaël,?,41:16,https://www.allmusic.com/album/pacific-231-mw0002042092
456,Official Bootleg Live 2012,The Crimson Projekct,?,45:43,https://www.allmusic.com/album/official-bootleg-live-2012-mw0002557269
457,New Peace,Troy Jones,?,?,https://www.allmusic.com/album/new-peace-mw0002777913
458,Native Sons,Nonch Harpin',?,01:06:02,https://www.allmusic.com/album/native-sons-mw0003015382
459,Make Me an Island: The Pye Anthology,Joe Dolan,?,02:30:35,https://www.allmusic.com/album/make-me-an-island-the-pye-anthology-mw0002272262
460,Live in Tokyo,The Crimson Projekct,?,01:16:52,https://www.allmusic.com/album/live-in-tokyo-mw0002616350
461,Live in Berlin [1978],David Bowie,?,?,https://www.allmusic.com/album/live-in-berlin-1978-mw0003110901
462,"Hits of Mariah Carey, Vol. 1",Various,?,01:08:23,https://www.allmusic.com/album/hits-of-mariah-carey-vol-1-mw0000447551
463,Halloween in The Big Apple,Frank Zappa,?,47:35,https://www.allmusic.com/album/halloween-in-the-big-apple-mw0002828984
464,Guitar Monsters of Rock,Various,?,03:04:27,https://www.allmusic.com/album/guitar-monsters-of-rock-mw0002719341
465,From Space and Beyond,Tim Reynolds / TR3,?,02:04:39,https://www.allmusic.com/album/from-space-and-beyond-mw0002331018
466,Dubstep Side of the Moon,Various,?,50:27,https://www.allmusic.com/album/dubstep-side-of-the-moon-mw0002577640
467,Crimson!,Delta Saxophone Quartet,?,44:18,https://www.allmusic.com/album/crimson%21-mw0002907692
468,Classic Rock [Rhino],Various,?,03:18:25,https://www.allmusic.com/album/classic-rock-rhino-mw0003382310
469,"Billboard Karaoke: Top 10 Box Set, Vol. 7",Various,?,02:30:03,https://www.allmusic.com/album/billboard-karaoke-top-10-box-set-vol-7-mw0003200151
470,"Billboard 90s, Vol. 7",Various,?,39:11,https://www.allmusic.com/album/billboard-90s-vol-7-mw0003200328
471,"A Little on the CD Side, Vol. 5",Various,?,01:14:02,https://www.allmusic.com/album/a-little-on-the-cd-side-vol-5-mw0001445188
472,80s Smash Hits [Rhino],Various,?,03:26:37,https://www.allmusic.com/album/80s-smash-hits-rhino-mw0003384999
473,80s Party: Ultimate Eighties Throwback Classics,Various,?,03:17:39,https://www.allmusic.com/album/80s-party-ultimate-eighties-throwback-classics-mw0003382306
474,"60s, 70s, 80s, 90s Oldies",Various,?,04:52:38,https://www.allmusic.com/album/60s-70s-80s-90s-oldies-mw0003402232
475,100 Greatest Golden Oldies,Various,?,05:46:07,https://www.allmusic.com/album/100-greatest-golden-oldies-mw0003397231
476,100 Greatest 80s: Ultimate 80s Throwback Anthems,Various,?,06:53:48,https://www.allmusic.com/album/100-greatest-80s-ultimate-80s-throwback-anthems-mw0003397237
