,Artist,Year,AlbumArtist,Album,AlbumURL,Credits
0,Adrian Belew,2020,King Crimson,The Elements: 2020 Tour Box,https://www.allmusic.com/album/the-elements-2020-tour-box-mw0003412098,Composer
1,Adrian Belew,2020,King Crimson,"Live in New Haven, CT, November 16, 2003",https://www.allmusic.com/album/live-in-new-haven-ct-november-16-2003-mw0003348426,"Vocals, Guitar, Composer"
2,Adrian Belew,2020,King Crimson,"Live in Chicago, IL, November 29, 1995",https://www.allmusic.com/album/live-in-chicago-il-november-29-1995-mw0003348086,"Vocals, Guitar, Composer"
3,Adrian Belew,2019,King Crimson,"Projekct Three [Live in Alexandria, Va March 3, 2003]",https://www.allmusic.com/album/projekct-three-live-in-alexandria-va-march-3-2003-mw0003325155,Composer
4,Adrian Belew,2018,David Bowie,Welcome to the Blackout [Live London '78],https://www.allmusic.com/album/welcome-to-the-blackout-live-london-78-mw0003173016,"Guitar, Vocals (Background)"
5,Adrian Belew,2018,Adrian Belew,Mr. Music Head/Inner Revolution,https://www.allmusic.com/album/mr-music-head-inner-revolution-mw0003208895,Primary Artist
6,Adrian Belew,2018,King Crimson,"Live in Vienna, December 1st, 2016",https://www.allmusic.com/album/live-in-vienna-december-1st-2016-mw0003154520,Composer
7,Adrian Belew,2017,King Crimson,The  Elements: 2017 Tour Box,https://www.allmusic.com/album/the-elements-2017-tour-box-mw0003055884,"Composer, Guitar, Vocals"
8,Adrian Belew,2017,Talking Heads,The  Archives,https://www.allmusic.com/album/the-archives-mw0003114150,Composer
9,Adrian Belew,2017,Party Tyme Karaoke,"Party Tyme Karaoke: Billboard Top 40 Karaoke Box Set, Vol. 7",https://www.allmusic.com/album/party-tyme-karaoke-billboard-top-40-karaoke-box-set-vol-7-mw0003096050,Composer
10,Adrian Belew,2017,King Crimson,"Official Bootleg: Live in Chicago, June 28th, 2017",https://www.allmusic.com/album/official-bootleg-live-in-chicago-june-28th-2017-mw0003102844,Composer
11,Adrian Belew,2017,Gizmodrome,Gizmodrome,https://www.allmusic.com/album/gizmodrome-mw0003071825,"Guitar, Group Member, Composer"
12,Adrian Belew,2017,David Bowie,A New Career in a New Town [1977-1982],https://www.allmusic.com/album/a-new-career-in-a-new-town-1977-1982-mw0003081384,"Guitar, Guitar (Rhythm), Mandolin, Vocals (Background)"
13,Adrian Belew,2016,King Crimson,Rehearsals & Blows,https://www.allmusic.com/album/rehearsals-amp-blows-mw0003348428,"Guitar, Group Member"
14,Adrian Belew,2016,King Crimson,Radical Action to Unseat the Hold of Monkey Mind,https://www.allmusic.com/album/radical-action-to-unseat-the-hold-of-monkey-mind-mw0002964721,Composer
15,Adrian Belew,2016,King Crimson,On (And Off) The Road 1981-1984,https://www.allmusic.com/album/on-and-off-the-road-1981-1984-mw0002974867,Spoken Word
16,Adrian Belew,2016,King Crimson,"Live in Toronto, November 20, 2015",https://www.allmusic.com/album/live-in-toronto-november-20-2015-mw0002926480,Composer
17,Adrian Belew,2016,King Crimson,Cap D'agde 1982: Live KC Collectors' Club,https://www.allmusic.com/album/cap-dagde-1982-live-kc-collectors-club-mw0002918281,"Vocals, Guitar, Composer"
18,Adrian Belew,2015,King Crimson,The Elements: 2015 Tour Box,https://www.allmusic.com/album/the-elements-2015-tour-box-mw0002885566,"Guitar, Voices, Composer, Vocals"
19,Adrian Belew,2015,Stick Men,"Midori: Live in Tokyo 2015, Second Show",https://www.allmusic.com/album/midori-live-in-tokyo-2015-second-show-mw0002881705,Composer
20,Adrian Belew,2015,Stick Men,Midori : First Show,https://www.allmusic.com/album/midori--first-show-mw0002882214,Composer
21,Adrian Belew,2015,King Crimson,Live at the Orpheum,https://www.allmusic.com/album/live-at-the-orpheum-mw0002800577,Composer
22,Adrian Belew,2015,Adrian Belew,Live at Rockpalast,https://www.allmusic.com/album/live-at-rockpalast-mw0002850093,Primary Artist
23,Adrian Belew,2015,Mariah Carey,#1 to Infinity,https://www.allmusic.com/album/1-to-infinity-mw0002842935,Composer
24,Adrian Belew,2014,Garland Jeffreys,True Confessions: The Epic Sessions,https://www.allmusic.com/album/true-confessions-the-epic-sessions-mw0002609961,"Bagpipes, Guitar"
25,Adrian Belew,2014,King Crimson,The  Elements: 2014 Tour Box,https://www.allmusic.com/album/the-elements-2014-tour-box-mw0002764052,"Composer, Guitar, Lyricist, Vocals"
26,Adrian Belew,2014,King Crimson,"Live in Milan, June 20th, 2003",https://www.allmusic.com/album/live-in-milan-june-20th-2003-mw0002612785,"Lyricist, Vocals, Guitar, Composer"
27,Adrian Belew,2014,King Crimson,"Live at the Pier, New York, August 2nd, 1982",https://www.allmusic.com/album/live-at-the-pier-new-york-august-2nd-1982-mw0002617898,"Lyricist, Vocals, Guitar, Composer"
28,Adrian Belew,2014,Levin Brothers / Pete Levin / Tony Levin,Levin Brothers,https://www.allmusic.com/album/levin-brothers-mw0002759253,Composer
29,Adrian Belew,2014,Transatlantic,Kaleidoscope,https://www.allmusic.com/album/kaleidoscope-mw0002605426,Composer
30,Adrian Belew,2013,Médéric Collignon / Mederic Collignon / Le Jus De Bocse,À la Recherche du Roi Frippe,https://www.allmusic.com/album/%C3-la-recherche-du-roi-frippe-mw0002540061,Composer
31,Adrian Belew,2013,Paul Simon,The  Complete Album Collection,https://www.allmusic.com/album/the-complete-album-collection-mw0002570331,"Guitar, Guitar (Synthesizer)"
32,Adrian Belew,2013,Robert Palmer,Secrest/Clues/Maybe It's Live,https://www.allmusic.com/album/secrest-clues-maybe-its-live-mw0002563504,Guitar
33,Adrian Belew,2013,Paul Simon,Over the Bridge of Time: A Paul Simon Retrospective (1964-2011),https://www.allmusic.com/album/over-the-bridge-of-time-a-paul-simon-retrospective-1964-2011-mw0002576840,Guitar Synth (Horns)
34,Adrian Belew,2013,Jars of Clay,Inland,https://www.allmusic.com/album/inland-mw0002562016,Guitars
35,Adrian Belew,2013,Nine Inch Nails,Hesitation Marks,https://www.allmusic.com/album/hesitation-marks-mw0002555061,"Electronics, Guitar, Vocals (Background)"
36,Adrian Belew,2012,King Crimson,"Live In Argentina, 1994",https://www.allmusic.com/album/live-in-argentina-1994-mw0002365467,"Lyricist, Vocals, Guitar, Composer"
37,Adrian Belew,2012,Robert Fripp / Travis & Fripp / Theo Travis,Follow,https://www.allmusic.com/album/follow-mw0002410806,Composer
38,Adrian Belew,2012,Jars of Clay,Classic Albums Series: Jars of Clay/Much Afraid,https://www.allmusic.com/album/classic-albums-series-jars-of-clay-much-afraid-mw0002401552,Producer
39,Adrian Belew,2011,Ned Evett,Treehouse,https://www.allmusic.com/album/treehouse-mw0002314815,"Producer, Alarm Clock, Guitar, Organ, Piano"
40,Adrian Belew,2011,Kurt Elling,The Gate,https://www.allmusic.com/album/the-gate-mw0002087189,Composer
41,Adrian Belew,2011,Mariah Carey,The Essential Mariah Carey,https://www.allmusic.com/album/the-essential-mariah-carey-mw0002093503,Composer
42,Adrian Belew,2011,Various,Shame,https://www.allmusic.com/album/shame-mw0000861595,Composer
43,Adrian Belew,2011,Caifanes,Recupera Tus Clásicos,https://www.allmusic.com/album/recupera-tus-cl%C3%A1sicos-mw0002138359,"Direction, Realization"
44,Adrian Belew,2011,Various,Pink Floyd: The Wall - As Performed By,https://www.allmusic.com/album/pink-floyd-the-wall-as-performed-by-mw0002142000,"Guitar, Guitar (Acoustic), Vocals"
45,Adrian Belew,2011,Various,Karaoke Gold: In the Style of Mariah Carey,https://www.allmusic.com/album/karaoke-gold-in-the-style-of-mariah-carey-mw0002099790,Composer
46,Adrian Belew,2011,Frank Zappa,Hammersmith Odeon,https://www.allmusic.com/album/hammersmith-odeon-mw0002246096,"Vocals, Guitar"
47,Adrian Belew,2011,Various,A  Collection of Delicate Diamonds: A Tribute To Pink Floyd,https://www.allmusic.com/album/a-collection-of-delicate-diamonds-a-tribute-to-pink-floyd-mw0002139307,"Guitar, Vocals"
48,Adrian Belew,2010,Jars of Clay,Triple Feature: Jars of Clay/Much Afraid/If I Left the Zoo,https://www.allmusic.com/album/triple-feature-jars-of-clay-much-afraid-if-i-left-the-zoo-mw0002092737,Producer
49,Adrian Belew,2010,Herbie Hancock,The Complete Columbia Album Collection 1972-1988,https://www.allmusic.com/album/the-complete-columbia-album-collection-1972-1988-mw0002003363,"Composer, Guitar"
50,Adrian Belew,2010,King Crimson,"The Collectable King Crimson, Vol. 5: Live in Japan, 1995",https://www.allmusic.com/album/the-collectable-king-crimson-vol-5-live-in-japan-1995-mw0002025741,"Vocals, Guitar, Composer"
51,Adrian Belew,2010,Trent Reznor / Atticus Ross / Trent Reznor & Atticus Ross,The  Social Network [Original Score],https://www.allmusic.com/album/the-social-network-original-score-mw0002055443,Guitar
52,Adrian Belew,2010,Mariah Carey,Playlist: The Very Best of Mariah Carey,https://www.allmusic.com/album/playlist-the-very-best-of-mariah-carey-mw0001953978,Composer
53,Adrian Belew,2010,Various,Hot Tub Time Machine [Original Motion Picture Soundtrack],https://www.allmusic.com/album/hot-tub-time-machine-original-motion-picture-soundtrack-mw0001960958,Guitar
54,Adrian Belew,2010,Tom Tom Club,Genius of Live,https://www.allmusic.com/album/genius-of-live-mw0002029794,Composer
55,Adrian Belew,2010,The New Czars,Doomsday Revolution,https://www.allmusic.com/album/doomsday-revolution-mw0002033049,"Group Member, Composer, Guitar, Sitar (Electric), Soloist, Vocals (Background)"
56,Adrian Belew,2010,Mariah Carey,Daydream/Mariah Carey,https://www.allmusic.com/album/daydream-mariah-carey-mw0001990298,Composer
57,Adrian Belew,2010,Mondo Marcio,Animale in Gabbia,https://www.allmusic.com/album/animale-in-gabbia-mw0001974155,Composer
58,Adrian Belew,2009,Various,"WOW Essentials, Vol. 2: All-Time Favorite Christian Songs",https://www.allmusic.com/album/wow-essentials-vol-2-all-time-favorite-christian-songs-mw0000811711,Producer
59,Adrian Belew,2009,Adrian Belew / Kevin Max,Raven Songs 101,https://www.allmusic.com/album/raven-songs-101-mw0001723116,Primary Artist
60,Adrian Belew,2009,Various,Out Come the Freaks! An Island Post Punk Anthology,https://www.allmusic.com/album/out-come-the-freaks%21-an-island-post-punk-anthology-mw0001353283,Composer
61,Adrian Belew,2009,Caifanes,Lo Esencial de Caifanes,https://www.allmusic.com/album/lo-esencial-de-caifanes-mw0001330261,"Direction, Realization"
62,Adrian Belew,2009,The Crimson Jazz Trio,"King Crimson Songbook, Vol. 2",https://www.allmusic.com/album/king-crimson-songbook-vol-2-mw0000812547,Composer
63,Adrian Belew,2009,Various,"Def Jam 25, Vol. 10: Feature Presentation",https://www.allmusic.com/album/def-jam-25-vol-10-feature-presentation-mw0002395072,Composer
64,Adrian Belew,2009,King Crimson,"Collectable King Crimson, Vol. 4",https://www.allmusic.com/album/collectable-king-crimson-vol-4-mw0000817272,"Member of Attributed Artist, Vocals, Guitar, Composer"
65,Adrian Belew,2009,Sugar Beats,80's Greaties,https://www.allmusic.com/album/80s-greaties-mw0000806807,Composer
66,Adrian Belew,2009,King Crimson,40th Anniversary Tour Box,https://www.allmusic.com/album/40th-anniversary-tour-box-mw0000820018,"Vocals, Guitar, Performer, Group Member"
67,Adrian Belew,2008,Adrian Belew,Young Lions/Pretty Pink Rose,https://www.allmusic.com/album/young-lions-pretty-pink-rose-mw0000800795,"Primary Artist, Producer, Audio Production, Vocals, Duet, Musician, Composer"
68,Adrian Belew,2008,King Crimson,"The Collectable King Crimson, Vol. 3: Live in London, Pts. 1-2 1996",https://www.allmusic.com/album/the-collectable-king-crimson-vol-3-live-in-london-pts-1-2-1996-mw0000785258,"Vocals, Guitar, Composer"
69,Adrian Belew,2008,Mike Zirkel,The Album,https://www.allmusic.com/album/the-album-mw0001918370,"Vocals, Guitar (Synthesizer)"
70,Adrian Belew,2008,Wave Mechanics Union,Second Season,https://www.allmusic.com/album/second-season-mw0001458598,Composer
71,Adrian Belew,2008,Various,"Rock and Roll with Piano, Vol. 13",https://www.allmusic.com/album/rock-and-roll-with-piano-vol-13-mw0000784354,Composer
72,Adrian Belew,2008,Andrew Gorczyca,Reflections: An Act of Glass,https://www.allmusic.com/album/reflections-an-act-of-glass-mw0000811455,"Member of Attributed Artist, Vocals, Guitar"
73,Adrian Belew,2008,Asia,Progressive Rock Friends,https://www.allmusic.com/album/progressive-rock-friends-mw0000801484,"Vocals, Guitar, Primary Artist"
74,Adrian Belew,2008,Various,Playlist: New Wave,https://www.allmusic.com/album/playlist-new-wave-mw0001660635,Guitar
75,Adrian Belew,2008,Cyndi Lauper,Original Album Classics,https://www.allmusic.com/album/original-album-classics-mw0000809880,Main Personnel
76,Adrian Belew,2008,Frank Zappa,One Shot Deal,https://www.allmusic.com/album/one-shot-deal-mw0000793892,Guitar
77,Adrian Belew,2008,King Crimson,"Live in New York, NY 1982",https://www.allmusic.com/album/live-in-new-york-ny-1982-mw0001669562,"Vocals, Guitar"
78,Adrian Belew,2008,Cyndi Lauper,Greatest Hits [Steel Box Collection],https://www.allmusic.com/album/greatest-hits-steel-box-collection-mw0000809724,Main Personnel
79,Adrian Belew,2008,Jars of Clay,Greatest Hits,https://www.allmusic.com/album/greatest-hits-mw0000498025,Producer
80,Adrian Belew,2008,Nine Inch Nails,Ghosts I-IV,https://www.allmusic.com/album/ghosts-i-iv-mw0000783108,"Guest Artist, Main Personnel, Guitar, Marimba, Electronics, Composer"
81,Adrian Belew,2008,Various,Funky Nassau: The Compass Point Story 1980-1986,https://www.allmusic.com/album/funky-nassau-the-compass-point-story-1980-1986-mw0000781624,Composer
82,Adrian Belew,2008,Mariah Carey,E=MC²,https://www.allmusic.com/album/emc%C2%B2-mw0000496749,Composer
83,Adrian Belew,2008,Caifanes,De Caifanes a Jaguares [DVD],https://www.allmusic.com/album/de-caifanes-a-jaguares-dvd-mw0001660008,"Direction, Realization"
84,Adrian Belew,2008,Caifanes / De Caifanes a Jaguares / Jaguares,De Caifanes a Jaguares,https://www.allmusic.com/album/de-caifanes-a-jaguares-mw0000783061,"Direction, Realization"
85,Adrian Belew,2007,Various,Ultra Sexy/Cool: Music for How You Live,https://www.allmusic.com/album/ultra-sexy-cool-music-for-how-you-live-mw0000584833,Primary Artist
86,Adrian Belew,2007,Various,This is Guitar Gods,https://www.allmusic.com/album/this-is-guitar-gods-mw0000780055,Primary Artist
87,Adrian Belew,2007,Paul Simon,The Essential Paul Simon,https://www.allmusic.com/album/the-essential-paul-simon-mw0000745557,"Guitar, Guitar (Synthesizer)"
88,Adrian Belew,2007,Jars of Clay,The Essential Jars of Clay,https://www.allmusic.com/album/the-essential-jars-of-clay-mw0000585019,"Producer, Audio Production, Additional Personnel, Mandolin, Cello, Guitar (Bass), Bass, String Arrangements"
89,Adrian Belew,2007,King Crimson,"The Collectable King Crimson, Vol. 2 Live in Bath 1981",https://www.allmusic.com/album/the-collectable-king-crimson-vol-2-live-in-bath-1981-mw0000479243,"Member of Attributed Artist, Vocals, Guitar, Composer"
90,Adrian Belew,2007,Mariah Carey,The Adventures of Mimi,https://www.allmusic.com/album/the-adventures-of-mimi-mw0001236932,Composer
91,Adrian Belew,2007,Various,Re-Building the Wall: A Tribute to Pink Floyd,https://www.allmusic.com/album/re-building-the-wall-a-tribute-to-pink-floyd-mw0001507520,Primary Artist
92,Adrian Belew,2007,Various,R&B Anthems,https://www.allmusic.com/album/r-amp-b-anthems-mw0001568006,Composer
93,Adrian Belew,2007,Various,Pink Box: Songs of Pink Floyd,https://www.allmusic.com/album/pink-box-songs-of-pink-floyd-mw0000492353,"Vocals, Primary Artist"
94,Adrian Belew,2007,Various,Old School Funk Celebration,https://www.allmusic.com/album/old-school-funk-celebration-mw0000486299,Composer
95,Adrian Belew,2007,Danny Morgan,It's Always Summer,https://www.allmusic.com/album/its-always-summer-mw0001628584,Composer
96,Adrian Belew,2007,Various,Instant Karma: The Amnesty International Campaign to Save Darfur,https://www.allmusic.com/album/instant-karma-the-amnesty-international-campaign-to-save-darfur-mw0000577865,"Producer, Guitar"
97,Adrian Belew,2007,The Bears,Eureka!,https://www.allmusic.com/album/eureka%21-mw0001168621,Composer
98,Adrian Belew,2007,Mariah Carey,Daydream/Butterfly,https://www.allmusic.com/album/daydream-butterfly-mw0001181648,Composer
99,Adrian Belew,2007,Various,"Culture Club, Vol. 5: Pt. 2",https://www.allmusic.com/album/culture-club-vol-5-pt-2-mw0001510399,Composer
100,Adrian Belew,2007,King Crimson,"Collector's Box, Vol. 5: 1995 & After",https://www.allmusic.com/album/collectors-box-vol-5-1995-amp-after-mw0001144840,"Vocals, Guitar"
101,Adrian Belew,2007,King Crimson,"Collector's Box, Vol. 4: 1981-1982",https://www.allmusic.com/album/collectors-box-vol-4-1981-1982-mw0001394490,"Vocals, Guitar, Composer"
102,Adrian Belew,2006,Various,Viva Tin Tan,https://www.allmusic.com/album/viva-tin-tan-mw0000702058,"Didjeridu, Realization"
103,Adrian Belew,2006,Frank Zappa,Trance-Fusion,https://www.allmusic.com/album/trance-fusion-mw0000735222,"Main Personnel, Guitar, Guitar (Rhythm)"
104,Adrian Belew,2006,Sara Hickman,The Motherlode,https://www.allmusic.com/album/the-motherlode-mw0000417437,Guest Artist
105,Adrian Belew,2006,Various,The Greatest 80's Hits of All Time,https://www.allmusic.com/album/the-greatest-80s-hits-of-all-time-mw0001477717,Composer
106,Adrian Belew,2006,Various,The Definitive Groove Collection: Sugar Hill Records,https://www.allmusic.com/album/the-definitive-groove-collection-sugar-hill-records-mw0000582840,Composer
107,Adrian Belew,2006,King Crimson,The Condensed 21st Century Guide to King Crimson: 1969-2003,https://www.allmusic.com/album/the-condensed-21st-century-guide-to-king-crimson-1969-2003-mw0000452868,"Vocals, Guitar, Composer"
108,Adrian Belew,2006,King Crimson,"The Collectors' King Crimson, Vol. 10",https://www.allmusic.com/album/the-collectors-king-crimson-vol-10-mw0000742164,"Vocals, Guitar, Composer"
109,Adrian Belew,2006,Between the Buried and Me,The Anatomy Of,https://www.allmusic.com/album/the-anatomy-of-mw0000722228,Composer
110,Adrian Belew,2006,The 4-Squares,Steve's Hamper,https://www.allmusic.com/album/steves-hamper-mw0000229303,Composer
111,Adrian Belew,2006,Adrian Belew,Side Three,https://www.allmusic.com/album/side-three-mw0000408787,"Primary Artist, Producer, Main Personnel, Vocals, Multi Instruments, Paintings, Composer"
112,Adrian Belew,2006,Various,Return to the Dark Side of the Moon,https://www.allmusic.com/album/return-to-the-dark-side-of-the-moon-mw0000416487,"Featured Artist, Vocals"
113,Adrian Belew,2006,Tony Levin,Resonator,https://www.allmusic.com/album/resonator-mw0000659855,"Guest Artist, Main Personnel, Guitar"
114,Adrian Belew,2006,Various,Pink Floyd's The Wall Revisited,https://www.allmusic.com/album/pink-floyds-the-wall-revisited-mw0000400298,"Vocals, Guitar, Guitar (Acoustic), Primary Artist"
115,Adrian Belew,2006,Various,Old School Celebration,https://www.allmusic.com/album/old-school-celebration-mw0000344933,Composer
116,Adrian Belew,2006,King Crimson,"Live in Munich, September 29, 1982",https://www.allmusic.com/album/live-in-munich-september-29-1982-mw0001638139,"Lyricist, Vocals, Guitar, Composer"
117,Adrian Belew,2006,ProjeKct Two,"Live in Chicago, Il 1998",https://www.allmusic.com/album/live-in-chicago-il-1998-mw0001218543,"Vocals, Electronic Drums, Group Member, Composer"
118,Adrian Belew,2006,King Crimson,"Live at the Wiltern, 1995",https://www.allmusic.com/album/live-at-the-wiltern-1995-mw0001643052,"Guitar, Voices"
119,Adrian Belew,2006,Larry Levan,Journey into Paradise: The Larry Levan Story,https://www.allmusic.com/album/journey-into-paradise-the-larry-levan-story-mw0000721577,Guitar
120,Adrian Belew,2006,Various,Hip Hop Essentials [Box Set],https://www.allmusic.com/album/hip-hop-essentials-box-set-mw0000445743,Composer
121,Adrian Belew,2006,Joe Cocker,Gold,https://www.allmusic.com/album/gold-mw0000346946,"Main Personnel, Guitar"
122,Adrian Belew,2006,Various,Dance Classics: The Ultimate Collection [Universal International],https://www.allmusic.com/album/dance-classics-the-ultimate-collection-universal-international-mw0001442435,Composer
123,Adrian Belew,2005,Various,Wow #1s: 31 of the Greatest Christian Music Hits Ever,https://www.allmusic.com/album/wow-1s-31-of-the-greatest-christian-music-hits-ever-mw0000253097,Producer
124,Adrian Belew,2005,Various,Ultimate 16: Retro '80s,https://www.allmusic.com/album/ultimate-16-retro-80s-mw0000704133,Composer
125,Adrian Belew,2005,Jean-Michel Jarre,The Essential Jean Michel Jarre,https://www.allmusic.com/album/the-essential-jean-michel-jarre-mw0000705394,"Guest Artist, Main Personnel, Guitar, Primary Artist"
126,Adrian Belew,2005,Ol' Dirty Bastard,The Definitive Ol' Dirty Bastard Story,https://www.allmusic.com/album/the-definitive-ol-dirty-bastard-story-mw0000538104,Composer
127,Adrian Belew,2005,King Crimson,"The 21st Century Guide to King Crimson, Vol. 2: 1981-2003",https://www.allmusic.com/album/the-21st-century-guide-to-king-crimson-vol-2-1981-2003-mw0000181648,"Vocals, Guitar, Drums, Composer"
128,Adrian Belew,2005,Talking Heads,Talking Heads,https://www.allmusic.com/album/talking-heads-mw0000176392,Guitar
129,Adrian Belew,2005,Adrian Belew,Side Two,https://www.allmusic.com/album/side-two-mw0000702274,"Primary Artist, Producer, Audio Production, Main Personnel, Vocals, Various Instruments, Guitar, Multi Instruments, Paintings, Composer"
130,Adrian Belew,2005,Adrian Belew,Side One,https://www.allmusic.com/album/side-one-mw0000374383,"Primary Artist, Producer, Audio Production, Main Personnel, Vocals, Various Instruments, Guitar, Paintings, Instrumentation, Composer"
131,Adrian Belew,2005,Various,Of Hands and Hearts: Music for the Tsunami Disaster Fund,https://www.allmusic.com/album/of-hands-and-hearts-music-for-the-tsunami-disaster-fund-mw0000209238,"Producer, Composer, Primary Artist"
132,Adrian Belew,2005,Adrian Belew,Lone Rhino/Twang Bar King,https://www.allmusic.com/album/lone-rhino-twang-bar-king-mw0000187227,"Primary Artist, Producer, Arranger, Audio Production, Main Personnel, Vocals, Guitar, Flute, Flute (Wood), Drums, Percussion, Effects, Composer"
133,Adrian Belew,2005,King Crimson,"Live in Warsaw, 2000",https://www.allmusic.com/album/live-in-warsaw-2000-mw0001394999,"Vocals, Guitar, Composer"
134,Adrian Belew,2005,The Crimson Jazz Trio,"King Crimson Songbook, Vol. 1",https://www.allmusic.com/album/king-crimson-songbook-vol-1-mw0000672766,Composer
135,Adrian Belew,2005,Various,"Hip Hop Essentials, Vol. 1",https://www.allmusic.com/album/hip-hop-essentials-vol-1-mw0000348253,Composer
136,Adrian Belew,2005,Man on Fire,Habitat,https://www.allmusic.com/album/habitat-mw0000425948,"Additional Personnel, Guitar, Guitar (Rhythm), Effects"
137,Adrian Belew,2005,Fission Trip,Fission Trip,https://www.allmusic.com/album/fission-trip-mw0000261776,"Guest Artist, Additional Personnel, Guitar"
138,Adrian Belew,2005,Jean-Michel Jarre,Equinoxe/Zoolook,https://www.allmusic.com/album/equinoxe-zoolook-mw0000519743,"Guitar, Effects"
139,Adrian Belew,2005,Porcupine Tree,Deadwing,https://www.allmusic.com/album/deadwing-mw0000142633,"Guest Artist, Guitar, Soloist"
140,Adrian Belew,2005,Jaguares,Cronicas de un Laberinto,https://www.allmusic.com/album/cronicas-de-un-laberinto-mw0000207745,"Additional Personnel, Guitar, Koto, Keyboards, Vocals (Background), Coros"
141,Adrian Belew,2005,Various,Back Against the Wall: A Tribute to Pink Floyd,https://www.allmusic.com/album/back-against-the-wall-a-tribute-to-pink-floyd-mw0000170553,"Guest Artist, Vocals, Guitar (Acoustic), Featured Artist, Guitar"
142,Adrian Belew,2005,Saul Zonana,42 Days,https://www.allmusic.com/album/42-days-mw0000149392,"Producer, Audio Production, Main Personnel, Vocals, Guitar"
143,Adrian Belew,2005,Various,"12""/'80s/2",https://www.allmusic.com/album/12-quot-80s-2-mw0000688780,Composer
144,Adrian Belew,2004,Joe Cocker,Ultimate Collection [Hip-O],https://www.allmusic.com/album/ultimate-collection-hip-o-mw0002310437,Guitar
145,Adrian Belew,2004,Patti Smith,Trampin',https://www.allmusic.com/album/trampin-mw0000339125,Composer
146,Adrian Belew,2004,Culture,This Is Crucial Reggae,https://www.allmusic.com/album/this-is-crucial-reggae-mw0000211027,"Composer, Primary Artist"
147,Adrian Belew,2004,Paul Simon,The Studio Recordings 1972-2000,https://www.allmusic.com/album/the-studio-recordings-1972-2000-mw0000470471,"Guitar, Guitar (Synthesizer)"
148,Adrian Belew,2004,Vitamin String Quartet,The String Quartet Tribute to Mariah Carey,https://www.allmusic.com/album/the-string-quartet-tribute-to-mariah-carey-mw0000205540,Composer
149,Adrian Belew,2004,Cyndi Lauper,The Collection,https://www.allmusic.com/album/the-collection-mw0000656096,"Guest Artist, Arranger, Guitar"
150,Adrian Belew,2004,Talking Heads,The Best of Talking Heads,https://www.allmusic.com/album/the-best-of-talking-heads-mw0000150056,Guitar
151,Adrian Belew,2004,Training for Utopia,Technical Difficulties,https://www.allmusic.com/album/technical-difficulties-mw0000697472,Composer
152,Adrian Belew,2004,Various,"Suburbia Compilation, Vol. 2",https://www.allmusic.com/album/suburbia-compilation-vol-2-mw0000433273,Composer
153,Adrian Belew,2004,Frank Zappa,Quaudiophiliac,https://www.allmusic.com/album/quaudiophiliac-mw0000255857,"Guest Artist, Main Personnel, Guitar"
154,Adrian Belew,2004,King Crimson,"ProjeKct Three: Live in Austin, TX  March 25, 1999",https://www.allmusic.com/album/projekct-three-live-in-austin-tx-march-25-1999-mw0001005131,Composer
155,Adrian Belew,2004,Various,Old School Nation!,https://www.allmusic.com/album/old-school-nation%21-mw0000219278,Composer
156,Adrian Belew,2004,Various,"Old School Jams, Vol. 5",https://www.allmusic.com/album/old-school-jams-vol-5-mw0000633815,Composer
157,Adrian Belew,2004,Frank Jordan,Milk the Thrills,https://www.allmusic.com/album/milk-the-thrills-mw0000332178,Composer
158,Adrian Belew,2004,King Crimson,"Live in Philadelphia, PA: July 30, 1982",https://www.allmusic.com/album/live-in-philadelphia-pa-july-30-1982-mw0002618499,"Vocals, Guitar, Composer"
159,Adrian Belew,2004,King Crimson,"Live in Philadelphia, PA, August 26th, 1996",https://www.allmusic.com/album/live-in-philadelphia-pa-august-26th-1996-mw0001006798,"Vocals, Guitar, Composer, Lyricist"
160,Adrian Belew,2004,William Shatner,Has Been,https://www.allmusic.com/album/has-been-mw0000167771,"Main Personnel, Guitar"
161,Adrian Belew,2004,Rachel Z,Everlasting,https://www.allmusic.com/album/everlasting-mw0000455695,Composer
162,Adrian Belew,2004,Various,Chartbuster Karaoke: Mariah Carey 1990-1993,https://www.allmusic.com/album/chartbuster-karaoke-mariah-carey-1990-1993-mw0001369031,Composer
163,Adrian Belew,2004,Various,Chartbuster Karaoke: Greatest Songs of 90s Pop Hits,https://www.allmusic.com/album/chartbuster-karaoke-greatest-songs-of-90s-pop-hits-mw0001895799,Composer
164,Adrian Belew,2003,Nusound,World Moods,https://www.allmusic.com/album/world-moods-mw0000319238,Composer
165,Adrian Belew,2003,Mariah Carey,The Remixes,https://www.allmusic.com/album/the-remixes-mw0000319981,Composer
166,Adrian Belew,2003,King Crimson,The Power to Believe Tour Box,https://www.allmusic.com/album/the-power-to-believe-tour-box-mw0001284198,"Vocals, Guitar, Electronic Percussion, Composer"
167,Adrian Belew,2003,King Crimson,The Power to Believe,https://www.allmusic.com/album/the-power-to-believe-mw0000018851,"Member of Attributed Artist, Vocals, Guitar, Group Member, Composer"
168,Adrian Belew,2003,The Honorary Title,The Honorary Title,https://www.allmusic.com/album/the-honorary-title-mw0000695438,Composer
169,Adrian Belew,2003,Harmonica Shah,Tell It to Your Landlord,https://www.allmusic.com/album/tell-it-to-your-landlord-mw0000029616,Composer
170,Adrian Belew,2003,Various,Sham Rock: Irish Showbands Go Pop!,https://www.allmusic.com/album/sham-rock-irish-showbands-go-pop%21-mw0000322872,Composer
171,Adrian Belew,2003,Talking Heads,Remain in Light/Speaking in Tongues/Fear of Music,https://www.allmusic.com/album/remain-in-light-speaking-in-tongues-fear-of-music-mw0001264211,"Arranger, Guitar"
172,Adrian Belew,2003,Talking Heads,Once in a Lifetime,https://www.allmusic.com/album/once-in-a-lifetime-mw0002055192,"Guitar, Guitar (Synthesizer)"
173,Adrian Belew,2003,King Crimson,Eyes Wide Open,https://www.allmusic.com/album/eyes-wide-open-mw0001347357,Composer
174,Adrian Belew,2003,King Crimson,EleKtriK,https://www.allmusic.com/album/elektrik-mw0000742614,"Vocals, Guitar"
175,Adrian Belew,2003,King Crimson,"Collectors' King Crimson, Vol. 7",https://www.allmusic.com/album/collectors-king-crimson-vol-7-mw0000458210,Guitar
176,Adrian Belew,2003,Various,Bringing Down the House,https://www.allmusic.com/album/bringing-down-the-house-mw0000021053,Composer
177,Adrian Belew,2002,Frank Zappa,Zappa Picks [Larry LaLonde],https://www.allmusic.com/album/zappa-picks-larry-lalonde-mw0000227118,"Guest Artist, Vocals, Guitar (Rhythm)"
178,Adrian Belew,2002,Frank Zappa,Zappa Picks [Jonathan Fishman],https://www.allmusic.com/album/zappa-picks-jonathan-fishman-mw0000226903,"Vocals, Guitar (Rhythm)"
179,Adrian Belew,2002,Geoff Downes / John Wetton,Wetton and Downes,https://www.allmusic.com/album/wetton-and-downes-mw0000228975,Composer
180,Adrian Belew,2002,Ryuichi Sakamoto,US,https://www.allmusic.com/album/us-mw0000457143,"Guitar, Drums, Sounds"
181,Adrian Belew,2002,Paul Simon,"The Paul Simon Collection: On My Way, Don't Know Where I'm Goin'",https://www.allmusic.com/album/the-paul-simon-collection-on-my-way-dont-know-where-im-goin-mw0000662651,Guest Artist
182,Adrian Belew,2002,Various,The Biggest Dancehall Anthems: 1979-1982,https://www.allmusic.com/album/the-biggest-dancehall-anthems-1979-1982-mw0000661408,Composer
183,Adrian Belew,2002,Townes Van Zandt,Texas Troubadour [Snapper Long Box],https://www.allmusic.com/album/texas-troubadour-snapper-long-box-mw0000227587,Composer
184,Adrian Belew,2002,Various,Shining Bright: Songs of Mike & Lal Waterson,https://www.allmusic.com/album/shining-bright-songs-of-mike-amp-lal-waterson-mw0000228025,Composer
185,Adrian Belew,2002,Cyndi Lauper,She's So Unusual/True Colours,https://www.allmusic.com/album/shes-so-unusual-true-colours-mw0000472960,"Arranger, Guitar"
186,Adrian Belew,2002,Pretty Mighty Mighty,Normal,https://www.allmusic.com/album/normal-mw0000662224,Composer
187,Adrian Belew,2002,King Crimson,"Live in Nashville, TN 2001",https://www.allmusic.com/album/live-in-nashville-tn-2001-mw0001246868,"Vocals, Guitar, Composer"
188,Adrian Belew,2002,Tom Tom Club,Live @ the Clubhouse,https://www.allmusic.com/album/live--the-clubhouse-mw0000661740,Composer
189,Adrian Belew,2002,King Crimson,Happy with What You Have to Be Happy With,https://www.allmusic.com/album/happy-with-what-you-have-to-be-happy-with-mw0000225401,"Producer, Audio Production, Member of Attributed Artist, Vocals, Guitar, Composer"
190,Adrian Belew,2002,Various,"Fighting Music, Vol. 2",https://www.allmusic.com/album/fighting-music-vol-2-mw0000232578,Composer
191,Adrian Belew,2002,Tony Levin,Double Espresso,https://www.allmusic.com/album/double-espresso-mw0000227778,Composer
192,Adrian Belew,2002,King Crimson,"Collectors' King Crimson, Vol. 6",https://www.allmusic.com/album/collectors-king-crimson-vol-6-mw0000383058,"Vocals, Guitar, Composer"
193,Adrian Belew,2002,Reaching Forward,Burning the Lies,https://www.allmusic.com/album/burning-the-lies-mw0000220743,Composer
194,Adrian Belew,2002,The X-ecutioners,Built from Scratch,https://www.allmusic.com/album/built-from-scratch-mw0000213295,Composer
195,Adrian Belew,2002,David Bowie,Best of Bowie,https://www.allmusic.com/album/best-of-bowie-mw0000694821,Guitar
196,Adrian Belew,2001,Various,WOW Hits 2002,https://www.allmusic.com/album/wow-hits-2002-mw0000011370,Producer
197,Adrian Belew,2001,King Crimson,Vrooom Vrooom,https://www.allmusic.com/album/vrooom-vrooom-mw0000017184,"Mixing, Vocals, Guitar, Voices, Composer"
198,Adrian Belew,2001,Ol' Dirty Bastard,The Dirty Story: The Best of Ol' Dirty Bastard,https://www.allmusic.com/album/the-dirty-story-the-best-of-ol-dirty-bastard-mw0000012447,Composer
199,Adrian Belew,2001,Jamie deRoy,"The Child in Me, Vol. 2",https://www.allmusic.com/album/the-child-in-me-vol-2-mw0000011436,Composer
200,Adrian Belew,2001,Tori Amos,Strange Little Girls,https://www.allmusic.com/album/strange-little-girls-mw0000011921,"Vocals, Wurlitzer"
201,Adrian Belew,2001,Kevin Max,Stereotype Be,https://www.allmusic.com/album/stereotype-be-mw0000588668,"Guest Artist, Producer, Guitar, Koto, Drums, Handclapping, String Arrangements"
202,Adrian Belew,2001,dc Talk,Solo,https://www.allmusic.com/album/solo-mw0000002966,"Guest Artist, Producer, Guitar, Pedal Steel"
203,Adrian Belew,2001,ProjeKct Two,"ProjeKct Two: Live in Northampton, MA July 1, 1998",https://www.allmusic.com/album/projekct-two-live-in-northampton-ma-july-1-1998-mw0001026674,"Drums, Composer"
204,Adrian Belew,2001,Erick Sermon,Music,https://www.allmusic.com/album/music-mw0000013947,Composer
205,Adrian Belew,2001,King Crimson,"Live in Berkeley, CA 1982",https://www.allmusic.com/album/live-in-berkeley-ca-1982-mw0000971263,"Vocals, Guitar, Voices, Composer"
206,Adrian Belew,2001,Les Claypool,Live Frogs: Set 1,https://www.allmusic.com/album/live-frogs-set-1-mw0000000149,Composer
207,Adrian Belew,2001,King Crimson,Level Five,https://www.allmusic.com/album/level-five-mw0000376123,"Vocals, Guitar, Composer"
208,Adrian Belew,2001,Jars of Clay,Jar of Gems,https://www.allmusic.com/album/jar-of-gems-mw0000521821,Producer
209,Adrian Belew,2001,Mariah Carey,Greatest Hits,https://www.allmusic.com/album/greatest-hits-mw0000525508,Composer
210,Adrian Belew,2001,Frank Jordan,Enemies,https://www.allmusic.com/album/enemies-mw0000590815,Composer
211,Adrian Belew,2001,Various,Critical Bandwidth [Nu Tone],https://www.allmusic.com/album/critical-bandwidth-nu-tone-mw0000589742,Composer
212,Adrian Belew,2001,King Crimson,"Collectors' King Crimson, Vol. 4",https://www.allmusic.com/album/collectors-king-crimson-vol-4-mw0001208905,"Vocals, Guitar, Composer"
213,Adrian Belew,2001,Various,Classic Rock Hits [Dead Line],https://www.allmusic.com/album/classic-rock-hits-dead-line-mw0001958638,Primary Artist
214,Adrian Belew,2001,The Bears,Car Caught Fire,https://www.allmusic.com/album/car-caught-fire-mw0000303760,"Producer, Photography, Vocals, Guitar, Composer"
215,Adrian Belew,2001,JT Money,Blood Sweat and Years,https://www.allmusic.com/album/blood-sweat-and-years-mw0000002041,"Performer, Composer, Primary Artist"
216,Adrian Belew,2001,Rick Altizer,(All Tie Zer),https://www.allmusic.com/album/all-tie-zer-mw0000658137,Guitar
217,Adrian Belew,2000,Tim Bowness,World of Bright Futures,https://www.allmusic.com/album/world-of-bright-futures-mw0000614620,Composer
218,Adrian Belew,2000,Various,WOW Gold,https://www.allmusic.com/album/wow-gold-mw0000608638,Producer
219,Adrian Belew,2000,Various,The Family Man,https://www.allmusic.com/album/the-family-man-mw0000110697,Guitar
220,Adrian Belew,2000,King Crimson,The ConstruKction of Light,https://www.allmusic.com/album/the-construkction-of-light-mw0000066513,"Main Personnel, Vocals, Guitar, Group Member, Composer"
221,Adrian Belew,2000,Laurie Anderson,Talk Normal: The Laurie Anderson Anthology,https://www.allmusic.com/album/talk-normal-the-laurie-anderson-anthology-mw0000101565,"Guest Artist, Guitar"
222,Adrian Belew,2000,Vitamin String Quartet,Rumours: The String Quartet Tribute to Fleetwood Mac,https://www.allmusic.com/album/rumours-the-string-quartet-tribute-to-fleetwood-mac-mw0000055512,Composer
223,Adrian Belew,2000,Béla Fleck & the Flecktones,Outbound,https://www.allmusic.com/album/outbound-mw0000609323,"Guest Artist, Guitar (Electric), Overdub Engineer"
224,Adrian Belew,2000,King Crimson,"Nashville Rehearsals, 1997",https://www.allmusic.com/album/nashville-rehearsals-1997-mw0001196729,"Vocals, Guitar, Composer"
225,Adrian Belew,2000,California Guitar Trio,Monday Night in San Francisco,https://www.allmusic.com/album/monday-night-in-san-francisco-mw0001216480,Composer
226,Adrian Belew,2000,Mariah Carey,Mariah Carey Story,https://www.allmusic.com/album/mariah-carey-story-mw0000331275,Composer
227,Adrian Belew,2000,R. Stevie Moore,Love Compartment,https://www.allmusic.com/album/love-compartment-mw0000990844,Composer
228,Adrian Belew,2000,Freddy Gardner,Japanese Sandman,https://www.allmusic.com/album/japanese-sandman-mw0001154302,Guitar (Synthesizer)
229,Adrian Belew,2000,Various,"Images of Africa, Vol. 3",https://www.allmusic.com/album/images-of-africa-vol-3-mw0000011203,Composer
230,Adrian Belew,2000,The Countdown Singers,Hot Hits: 90's Chartbusters,https://www.allmusic.com/album/hot-hits-90s-chartbusters-mw0000063814,Composer
231,Adrian Belew,2000,King Crimson,Heavy ConstruKction,https://www.allmusic.com/album/heavy-construkction-mw0000107390,"Vocals, Guitar, Composer"
232,Adrian Belew,2000,Paul Simon,Greatest Hits: Shining Like a National Guitar,https://www.allmusic.com/album/greatest-hits-shining-like-a-national-guitar-mw0000456095,Guitar (Synthesizer)
233,Adrian Belew,2000,Discipline,"Discipline: Live at Moles Club, Bath 1981",https://www.allmusic.com/album/discipline-live-at-moles-club-bath-1981-mw0001192279,"Vocals, Guitar, Composer"
234,Adrian Belew,2000,Nicola Sirkis,Dans La Lune,https://www.allmusic.com/album/dans-la-lune-mw0001067558,Composer
235,Adrian Belew,2000,Adrian Belew,Coming Attractions,https://www.allmusic.com/album/coming-attractions-mw0000604570,"Primary Artist, Producer, Vocals, Composer"
236,Adrian Belew,2000,King Crimson,"Collectors' King Crimson, Vol. 3",https://www.allmusic.com/album/collectors-king-crimson-vol-3-mw0000371629,Composer
237,Adrian Belew,2000,King Crimson,"Collectors' King Crimson, Vol. 2 [Pony Canyon]",https://www.allmusic.com/album/collectors-king-crimson-vol-2-pony-canyon-mw0000368153,"Mixing, Guitar, Voices, Composer"
238,Adrian Belew,2000,Various,A Tribute to Mariah Carey,https://www.allmusic.com/album/a-tribute-to-mariah-carey-mw0000104022,Composer
239,Adrian Belew,2000,King Crimson,A Beginners' Guide to the King Crimson Collectors' Club,https://www.allmusic.com/album/a-beginners-guide-to-the-king-crimson-collectors-club-mw0001218574,"Vocals, Guitar, Composer"
240,Adrian Belew,2000,King Crimson,A Beginner's Guide to Projekcts,https://www.allmusic.com/album/a-beginners-guide-to-projekcts-mw0001890864,"Drums, Composer"
241,Adrian Belew,2000,Joan Armatrading,20th Century Masters: The Millennium Collection: Best of Joan Armatrading,https://www.allmusic.com/album/20th-century-masters-the-millennium-collection-best-of-joan-armatrading-mw0000092601,Guest Artist
242,Adrian Belew,1999,The Irresponsibles,When Pigs Fly,https://www.allmusic.com/album/when-pigs-fly-mw0001118246,"Producer, Piano, String Arrangements"
243,Adrian Belew,1999,ProjeKct Four,West Coast Live,https://www.allmusic.com/album/west-coast-live-mw0000771387,Composer
244,Adrian Belew,1999,Various,WOW The 90's: 30 Top Christian Songs of the Decade,https://www.allmusic.com/album/wow-the-90s-30-top-christian-songs-of-the-decade-mw0000243261,Producer
245,Adrian Belew,1999,King Crimson,"The VROOOM Sessions, 1994",https://www.allmusic.com/album/the-vrooom-sessions-1994-mw0000970147,"Guitar, Composer"
246,Adrian Belew,1999,King Crimson,The ProjeKcts,https://www.allmusic.com/album/the-projekcts-mw0000671140,"Drums, Composer"
247,Adrian Belew,1999,Nine Inch Nails,The Fragile,https://www.allmusic.com/album/the-fragile-mw0000246196,"Guest Artist, Guitar"
248,Adrian Belew,1999,King Crimson,The Deception of the Thrush,https://www.allmusic.com/album/the-deception-of-the-thrush-mw0000671352,"Guest Artist, Composer"
249,Adrian Belew,1999,Joe Cocker,The Anthology,https://www.allmusic.com/album/the-anthology-mw0000249074,Guitar
250,Adrian Belew,1999,2Pac / Outlawz,Still I Rise,https://www.allmusic.com/album/still-i-rise-mw0000257800,Composer
251,Adrian Belew,1999,Various,Sony Music 100 Years: Soundtrack for a Century,https://www.allmusic.com/album/sony-music-100-years-soundtrack-for-a-century-mw0000247901,Composer
252,Adrian Belew,1999,Frank Zappa,Son of Cheap Thrills,https://www.allmusic.com/album/son-of-cheap-thrills-mw0000239573,Guest Artist
253,Adrian Belew,1999,Mariah Carey,Romantic Dreams,https://www.allmusic.com/album/romantic-dreams-mw0001728932,Composer
254,Adrian Belew,1999,Various,R&B: From Doo Wop to Hip Hop,https://www.allmusic.com/album/r-amp-b-from-doo-wop-to-hip-hop-mw0001078496,Composer
255,Adrian Belew,1999,Mike Oldfield,Orchestral Tubular Bells Box,https://www.allmusic.com/album/orchestral-tubular-bells-box-mw0000538113,"Vocals, Guitar"
256,Adrian Belew,1999,King Crimson,On Broadway: Live In NYC 1995,https://www.allmusic.com/album/on-broadway-live-in-nyc-1995-mw0000965233,"Lyricist, Mixing, Guitar, Voices, Composer"
257,Adrian Belew,1999,Artie Traum,Meetings with Remarkable Friends,https://www.allmusic.com/album/meetings-with-remarkable-friends-mw0000048122,"Guest Artist, Guitar (Electric)"
258,Adrian Belew,1999,Joe Dolan,Make Me an Island: Best of Joe Dolan,https://www.allmusic.com/album/make-me-an-island-best-of-joe-dolan-mw0000478467,Composer
259,Adrian Belew,1999,ProjeKct Four,Live in San Francisco: The Roar of P4,https://www.allmusic.com/album/live-in-san-francisco-the-roar-of-p4-mw0001148011,Composer
260,Adrian Belew,1999,Frank Zappa,"Live at the Fox Theatre, Atlanta 1977",https://www.allmusic.com/album/live-at-the-fox-theatre-atlanta-1977-mw0001439650,"Vocals, Guitar (Electric)"
261,Adrian Belew,1999,King Crimson,"Live at Cap D'Agde, 1982",https://www.allmusic.com/album/live-at-cap-dagde-1982-mw0001162893,"Vocals, Guitar, Composer"
262,Adrian Belew,1999,Jerry Lee Lewis,Live In Italy [Magnum #2],https://www.allmusic.com/album/live-in-italy-magnum-2-mw0000204446,Composer
263,Adrian Belew,1999,ProjeKct Two,Live Groove,https://www.allmusic.com/album/live-groove-mw0001166268,"Drums, Composer"
264,Adrian Belew,1999,King Crimson,Deja Vrooom,https://www.allmusic.com/album/deja-vrooom-mw0000941597,"Vocals, Guitar"
265,Adrian Belew,1999,Ryuichi Sakamoto,Collection: 1981-1987,https://www.allmusic.com/album/collection-1981-1987-mw0001078074,"Guitar, Drums, Composer"
266,Adrian Belew,1999,King Crimson,Cirkus: The Young Person's Guide to King Crimson - Live,https://www.allmusic.com/album/cirkus-the-young-persons-guide-to-king-crimson-live-mw0000240685,"Mixing, Vocals, Guitar, Drums, Group Member, Composer"
267,Adrian Belew,1999,Various,"Chartbuster Karaoke: Mariah Carey, Vol. 1",https://www.allmusic.com/album/chartbuster-karaoke-mariah-carey-vol-1-mw0001037126,Composer
268,Adrian Belew,1999,Mariah Carey,Around the World,https://www.allmusic.com/album/around-the-world-mw0000666429,Composer
269,Adrian Belew,1999,King Crimson,21st Century Schizoid Man,https://www.allmusic.com/album/21st-century-schizoid-man-mw0000372854,"Vocals, Guitar"
270,Adrian Belew,1999,Mariah Carey,#1's [Video],https://www.allmusic.com/album/1s-video-mw0002408766,Composer
271,Adrian Belew,1998,Sara Hickman,Two Kinds of Laughter,https://www.allmusic.com/album/two-kinds-of-laughter-mw0000597829,"Guest Artist, Producer"
272,Adrian Belew,1998,Mack 10,The Recipe,https://www.allmusic.com/album/the-recipe-mw0000037459,Composer
273,Adrian Belew,1998,DJ Clue?,The Professional,https://www.allmusic.com/album/the-professional-mw0000042277,Composer
274,Adrian Belew,1998,ProjeKct Two,Space Groove,https://www.allmusic.com/album/space-groove-mw0000598379,"Mixing, Liner Notes, Drums"
275,Adrian Belew,1998,Various,"Sometimes God Smiles: The Young Person's Guide to Discipline, Vol. 2",https://www.allmusic.com/album/sometimes-god-smiles-the-young-persons-guide-to-discipline-vol-2-mw0000601311,"Performer, Composer, Primary Artist"
276,Adrian Belew,1998,Adrian Belew,Salad Days,https://www.allmusic.com/album/salad-days-mw0000602446,"Primary Artist, Producer, Mixing, Vocals, Multi Instruments, Composer"
277,Adrian Belew,1998,Monty Montgomery,Monty Montgomery Is Demo-Liscious,https://www.allmusic.com/album/monty-montgomery-is-demo-liscious-mw0000976407,Composer
278,Adrian Belew,1998,Rob Fetters,"Lefty Loose, Righty Tight",https://www.allmusic.com/album/lefty-loose-righty-tight-mw0000310066,"Drums, Composer"
279,Adrian Belew,1998,Christopher Young,Hard Rain [Music from the Motion Picture],https://www.allmusic.com/album/hard-rain-music-from-the-motion-picture-mw0000596982,Producer
280,Adrian Belew,1998,Curd Duca,Elevator,https://www.allmusic.com/album/elevator-mw0000258063,Composer
281,Adrian Belew,1998,Rick Altizer,Blue Plate Special,https://www.allmusic.com/album/blue-plate-special-mw0000666123,"Guest Artist, Producer, Mixing"
282,Adrian Belew,1998,Adrian Belew,"Belew Prints: The Acoustic Adrian Belew, Vol. 2",https://www.allmusic.com/album/belew-prints-the-acoustic-adrian-belew-vol-2-mw0000377749,"Primary Artist, Producer, Writer, String Arrangements, Cover Design, Drawing, Composer"
283,Adrian Belew,1998,King Crimson,Absent Lovers: Live in Montreal 1984,https://www.allmusic.com/album/absent-lovers-live-in-montreal-1984-mw0000039328,"Vocals, Guitar, Drums, Composer"
284,Adrian Belew,1998,Mariah Carey,#1's,https://www.allmusic.com/album/1s-mw0000044055,Composer
285,Adrian Belew,1997,Ivano Fossati,Ventilazione,https://www.allmusic.com/album/ventilazione-mw0000347958,Composer
286,Adrian Belew,1997,Various,The Sugar Hill Records Story,https://www.allmusic.com/album/the-sugar-hill-records-story-mw0000083414,Composer
287,Adrian Belew,1997,Various,Sometimes God Hides: The Young Person's Guide to Discipline,https://www.allmusic.com/album/sometimes-god-hides-the-young-persons-guide-to-discipline-mw0000023359,"Performer, Composer, Primary Artist"
288,Adrian Belew,1997,Cyndi Lauper,She's So Unusual/True Colors/Hat Full of Stars,https://www.allmusic.com/album/shes-so-unusual-true-colors-hat-full-of-stars-mw0000026724,"Arranger, Guitar"
289,Adrian Belew,1997,Adrian Belew,Op Zop Too Wah,https://www.allmusic.com/album/op-zop-too-wah-mw0000079345,"Primary Artist, Producer, Mixing, Vocals, Multi Instruments, Art Direction, Design, Composer"
290,Adrian Belew,1997,Caifanes,Historia,https://www.allmusic.com/album/historia-mw0000027560,"Producer, Director"
291,Adrian Belew,1997,Michael Prophet,Gunman/Righteous Are the Conqueror,https://www.allmusic.com/album/gunman-righteous-are-the-conqueror-mw0000069486,Composer
292,Adrian Belew,1997,R. Stevie Moore,Disturbed,https://www.allmusic.com/album/disturbed-mw0001894541,Composer
293,Adrian Belew,1997,David Bowie,Alternative Biography,https://www.allmusic.com/album/alternative-biography-mw0001039104,"Performer, Primary Artist"
294,Adrian Belew,1996,Various,Twang!: A Tribute to Hank Marvin & the Shadows,https://www.allmusic.com/album/twang%21-a-tribute-to-hank-marvin-amp-the-shadows-mw0000440966,Guitar
295,Adrian Belew,1996,King Crimson,Thrakattak,https://www.allmusic.com/album/thrakattak-mw0000190113,"Guitar, Composer"
296,Adrian Belew,1996,Various,Seltzer,https://www.allmusic.com/album/seltzer-mw0000071306,Producer
297,Adrian Belew,1996,Rick Derringer,Rock and Roll Hoochie Koo: The Best of Rick Derringer,https://www.allmusic.com/album/rock-and-roll-hoochie-koo-the-best-of-rick-derringer-mw0000074092,Composer
298,Adrian Belew,1996,King Crimson,Live in Japan 1995,https://www.allmusic.com/album/live-in-japan-1995-mw0000597172,"Vocals, Guitar, Composer"
299,Adrian Belew,1996,Various,Heavy Breathing: The Crunch High-Energy Workout,https://www.allmusic.com/album/heavy-breathing-the-crunch-high-energy-workout-mw0000081131,Composer
300,Adrian Belew,1996,Mariah Carey,Fantasy: Mariah Carey at Madison Square Garden,https://www.allmusic.com/album/fantasy-mariah-carey-at-madison-square-garden-mw0000183899,Composer
301,Adrian Belew,1996,Various,Come and Get It: A Tribute to Badfinger,https://www.allmusic.com/album/come-and-get-it-a-tribute-to-badfinger-mw0000956025,"Producer, Vocals, Multi Instruments, Performer, Primary Artist"
302,Adrian Belew,1996,Alfonzo Hunter,Black a Da Berry,https://www.allmusic.com/album/black-a-da-berry-mw0000079109,Composer
303,Adrian Belew,1995,Gutterball,Weasel,https://www.allmusic.com/album/weasel-mw0000171946,Composer
304,Adrian Belew,1995,King Crimson,Walking on Air,https://www.allmusic.com/album/walking-on-air-mw0000645970,"Vocals, Guitar"
305,Adrian Belew,1995,Vowel Movement,Vowel Movement,https://www.allmusic.com/album/vowel-movement-mw0000644374,Composer
306,Adrian Belew,1995,Cyndi Lauper,Twelve Deadly Cyns...and Then Some,https://www.allmusic.com/album/twelve-deadly-cynsand-then-some-mw0000174189,"Guest Artist, Guitar"
307,Adrian Belew,1995,Adrian Belew,"The Guitar as Ochestra: Experimental Guitar Series, Vol. 1",https://www.allmusic.com/album/the-guitar-as-ochestra-experimental-guitar-series-vol-1-mw0000645953,"Primary Artist, Producer, Liner Notes, Vocals, Guitar, Design, Composer, Liner Note Art"
308,Adrian Belew,1995,King Crimson,THRAK,https://www.allmusic.com/album/thrak-mw0000125655,"Lyricist, Member of Attributed Artist, Vocals, Spoken Word, Guitar, Voices, Composer, Mixing"
309,Adrian Belew,1995,Al Kooper,Soul of a Man: Live/Rekooperation,https://www.allmusic.com/album/soul-of-a-man-live-rekooperation-mw0000123190,Composer
310,Adrian Belew,1995,King Crimson,Sex Sleep Eat Drink Dream,https://www.allmusic.com/album/sex-sleep-eat-drink-dream-mw0001020576,"Vocals, Guitar"
311,Adrian Belew,1995,Love Is Colder than Death,Oxeia,https://www.allmusic.com/album/oxeia-mw0000644924,Composer
312,Adrian Belew,1995,Mariah Carey,One Sweet Day,https://www.allmusic.com/album/one-sweet-day-mw0000182663,Composer
313,Adrian Belew,1995,The Elvis Brothers,Movin' Up/Adventure Time,https://www.allmusic.com/album/movin-up-adventure-time-mw0000942509,Producer
314,Adrian Belew,1995,Jerry Lee Lewis,Live [Prime Cuts],https://www.allmusic.com/album/live-prime-cuts-mw0000205689,Composer
315,Adrian Belew,1995,Jars of Clay,Jars of Clay,https://www.allmusic.com/album/jars-of-clay-mw0000176672,"Producer, Mandolin, Bass, String Arrangements"
316,Adrian Belew,1995,S.F.C.,Illumination,https://www.allmusic.com/album/illumination-mw0000125657,Composer
317,Adrian Belew,1995,Gospel Gangstaz,Gang Affiliated,https://www.allmusic.com/album/gang-affiliated-mw0000122189,Composer
318,Adrian Belew,1995,Various,For the Love of Harry: Everybody Sings Nilsson,https://www.allmusic.com/album/for-the-love-of-harry-everybody-sings-nilsson-mw0000172153,"Performer, Primary Artist"
319,Adrian Belew,1995,Mariah Carey,Fantasy,https://www.allmusic.com/album/fantasy-mw0000176223,Composer
320,Adrian Belew,1995,King Crimson,Dinosaur,https://www.allmusic.com/album/dinosaur-mw0000644144,"Vocals, Guitar, Composer"
321,Adrian Belew,1995,Mariah Carey,Daydream,https://www.allmusic.com/album/daydream-mw0000179794,Composer
322,Adrian Belew,1995,WC and the Maad Circle,Curb Servin',https://www.allmusic.com/album/curb-servin-mw0000645605,Composer
323,Adrian Belew,1995,King Crimson,B'Boom: Official Bootleg - Live in Argentina,https://www.allmusic.com/album/bboom-official-bootleg-live-in-argentina-mw0000180766,"Vocals, Guitar, Composer"
324,Adrian Belew,1995,Adrian Belew,Acoustic Adrian Belew,https://www.allmusic.com/album/acoustic-adrian-belew-mw0000535989,"Primary Artist, Producer, Vocals, Guitar, Guitar (Acoustic), Voices, Performer, Composer"
325,Adrian Belew,1994,King Crimson,VROOOM,https://www.allmusic.com/album/vrooom-mw0000121634,"Lyricist, Vocals, Guitar, Composer"
326,Adrian Belew,1994,Nine Inch Nails,The Downward Spiral,https://www.allmusic.com/album/the-downward-spiral-mw0000110711,"Guest Artist, Additional Personnel, Guitar"
327,Adrian Belew,1994,Scarface,The Diary,https://www.allmusic.com/album/the-diary-mw0000119182,Composer
328,Adrian Belew,1994,Ryuichi Sakamoto,Soundbytes,https://www.allmusic.com/album/soundbytes-mw0000112990,"Guest Artist, Guitar, Guitar (Electric), Keyboards"
329,Adrian Belew,1994,Santa Sabina,Simbolos,https://www.allmusic.com/album/simbolos-mw0000601485,"Guest Artist, Producer, Director, Maracas"
330,Adrian Belew,1994,Various,"Signed Sealed Delivered, Vol. 3",https://www.allmusic.com/album/signed-sealed-delivered-vol-3-mw0001186250,"Producer, Composer, Primary Artist"
331,Adrian Belew,1994,Raisins,Raisins,https://www.allmusic.com/album/raisins-mw0000891962,Producer
332,Adrian Belew,1994,Stephen Bishop,On & On: The Hits of Stephen Bishop,https://www.allmusic.com/album/on-amp-on-the-hits-of-stephen-bishop-mw0000118199,Composer
333,Adrian Belew,1994,Sara Hickman,Necessary Angels,https://www.allmusic.com/album/necessary-angels-mw0000627431,"Guest Artist, Guitar, Guitar (Acoustic), Guitar (Electric), Mandolin, Calliope, Vocals (Background)"
334,Adrian Belew,1994,Kindred Way,Kindred Way,https://www.allmusic.com/album/kindred-way-mw0000124366,Composer
335,Adrian Belew,1994,Adrian Belew,Here,https://www.allmusic.com/album/here-mw0000111288,"Primary Artist, Producer, Vocals, Multi Instruments, Composer"
336,Adrian Belew,1994,Big Daddy Kane,Gunman,https://www.allmusic.com/album/gunman-mw0000111242,Composer
337,Adrian Belew,1994,Sister Carol,Call Mi Sister Carol,https://www.allmusic.com/album/call-mi-sister-carol-mw0000626722,Composer
338,Adrian Belew,1994,Laurie Anderson,Bright Red,https://www.allmusic.com/album/bright-red-mw0000117753,Guest Artist
339,Adrian Belew,1994,Forward,Biggest Singles 1977-1982,https://www.allmusic.com/album/biggest-singles-1977-1982-mw0000447159,Composer
340,Adrian Belew,1993,Scarface,The World Is Yours,https://www.allmusic.com/album/the-world-is-yours-mw0000103673,Composer
341,Adrian Belew,1993,David Bowie,The Singles: 1969-1993,https://www.allmusic.com/album/the-singles-1969-1993-mw0000526484,Guest Artist
342,Adrian Belew,1993,Paul Simon,The Paul Simon Anthology,https://www.allmusic.com/album/the-paul-simon-anthology-mw0000461438,"Guitar, Guitar (Synthesizer)"
343,Adrian Belew,1993,King Crimson,The Concise King Crimson,https://www.allmusic.com/album/the-concise-king-crimson-mw0000104340,"Vocals, Guitar, Composer"
344,Adrian Belew,1993,Joe Dolan,The Best of Joe Dolan [Castle],https://www.allmusic.com/album/the-best-of-joe-dolan-castle-mw0001196088,Composer
345,Adrian Belew,1993,Smiley Lewis,"Shame, Shame, Shame",https://www.allmusic.com/album/shame-shame-shame-mw0000122955,Composer
346,Adrian Belew,1993,Anathema,Serenades,https://www.allmusic.com/album/serenades-mw0000113458,Composer
347,Adrian Belew,1993,Paul Simon,Paul Simon 1964/1993,https://www.allmusic.com/album/paul-simon-1964-1993-mw0001977098,"Arranger, Guitar, Guitar (Synthesizer)"
348,Adrian Belew,1993,Various,Guitar Tribute to the Beatles: Come Together,https://www.allmusic.com/album/guitar-tribute-to-the-beatles-come-together-mw0000105414,"Guitar (Acoustic), Guitar (Electric), Guitar (Synthesizer), Drums, Primary Artist"
349,Adrian Belew,1993,Ryuichi Sakamoto,Field Work/Steppin' into Asia/The Arrangement,https://www.allmusic.com/album/field-work-steppin-into-asia-the-arrangement-mw0000768174,Composer
350,Adrian Belew,1993,Mike Oldfield,Elements: Mike Oldfield 1973-1991,https://www.allmusic.com/album/elements-mike-oldfield-1973-1991-mw0000106916,"Vocals, Guitar"
351,Adrian Belew,1992,Zimbabwe Legit,Zimbabwe Legit,https://www.allmusic.com/album/zimbabwe-legit-mw0000275778,Composer
352,Adrian Belew,1992,Frank Zappa,"You Can't Do That on Stage Anymore, Vol. 6",https://www.allmusic.com/album/you-cant-do-that-on-stage-anymore-vol-6-mw0000093597,"Guest Artist, Vocals, Guitar"
353,Adrian Belew,1992,Various,"Street Jams: Hip-Hop from the Top, Vol. 2",https://www.allmusic.com/album/street-jams-hip-hop-from-the-top-vol-2-mw0000278689,Composer
354,Adrian Belew,1992,Various,"Library of Sound Effects, Vol. 5",https://www.allmusic.com/album/library-of-sound-effects-vol-5-mw0000080855,Composer
355,Adrian Belew,1992,Adrian Belew,Inner Revolution,https://www.allmusic.com/album/inner-revolution-mw0000275260,"Primary Artist, Producer, Vocals, Multi Instruments, Composer"
356,Adrian Belew,1992,Force M.D.'s,For Lovers and Others: Force M.D.'s Greatest Hits,https://www.allmusic.com/album/for-lovers-and-others-force-mds-greatest-hits-mw0000277784,Composer
357,Adrian Belew,1992,Mac Band,Everything,https://www.allmusic.com/album/everything-mw0000677846,Composer
358,Adrian Belew,1992,Caifanes,El Silencio,https://www.allmusic.com/album/el-silencio-mw0000099512,"Guest Artist, Producer, Guitar"
359,Adrian Belew,1991,King Crimson,The Abbreviated King Crimson,https://www.allmusic.com/album/the-abbreviated-king-crimson-mw0000270835,"Vocals, Guitar, Composer"
360,Adrian Belew,1991,Chris Cuevas,"Somehow, Someway",https://www.allmusic.com/album/somehow-someway-mw0000266812,Composer
361,Adrian Belew,1991,Funkytown Pros,Reaching a Level of Assassination,https://www.allmusic.com/album/reaching-a-level-of-assassination-mw0000850529,Composer
362,Adrian Belew,1991,HEAL,H.E.A.L.: Civilization Vs. Technology,https://www.allmusic.com/album/heal-civilization-vs-technology-mw0000263896,Composer
363,Adrian Belew,1991,Various,Guitar Speak 3,https://www.allmusic.com/album/guitar-speak-3-mw0000675373,"Performer, Primary Artist"
364,Adrian Belew,1991,King Crimson,Frame by Frame: The Essential King Crimson,https://www.allmusic.com/album/frame-by-frame-the-essential-king-crimson-mw0000269041,"Vocals, Guitar, Composer"
365,Adrian Belew,1991,Andrew Dice Clay,Dice Rules,https://www.allmusic.com/album/dice-rules-mw0000263356,Composer
366,Adrian Belew,1991,Adrian Belew,Desire of the Rhino King,https://www.allmusic.com/album/desire-of-the-rhino-king-mw0000269154,"Primary Artist, Producer, Liner Notes, Vocals, Guitar, Piano, Drums, Percussion, Cover Art Concept, Composer"
367,Adrian Belew,1990,Adrian Belew,Young Lions,https://www.allmusic.com/album/young-lions-mw0000204700,"Primary Artist, Producer, Vocals, Multi Instruments, Composer, Drums, Guitar, Lyricist"
368,Adrian Belew,1990,Jerry Harrison,Walk on Water,https://www.allmusic.com/album/walk-on-water-mw0000204762,"Guest Artist, Guitar"
369,Adrian Belew,1990,Paul Simon,The Rhythm of the Saints,https://www.allmusic.com/album/the-rhythm-of-the-saints-mw0000202777,"Guest Artist, Main Personnel, Guitar, Synthesizer, Guitar (Synthesizer)"
370,Adrian Belew,1990,Adrian Belew,Pretty Pink Rose,https://www.allmusic.com/album/pretty-pink-rose-mw0000208069,"Primary Artist, Producer, Vocals, Multi Instruments, Composer, Drums, Guitar, Lyricist"
371,Adrian Belew,1990,Iron Christ,Getting the Most out of Your Extinction,https://www.allmusic.com/album/getting-the-most-out-of-your-extinction-mw0000317614,Composer
372,Adrian Belew,1989,David Bowie,Sound + Vision,https://www.allmusic.com/album/sound-vision-mw0000653974,Guitar
373,Adrian Belew,1989,Mike Oldfield,One Glance Is Holy,https://www.allmusic.com/album/one-glance-is-holy-mw0000878161,"Vocals, Performer, Primary Artist"
374,Adrian Belew,1989,Adrian Belew,Mr. Music Head,https://www.allmusic.com/album/mr-music-head-mw0000199194,"Primary Artist, Producer, Vocals, Piano, Multi Instruments, Composer, Drums, Guitar"
375,Adrian Belew,1989,Scruffy the Cat,Moons of Jupiter,https://www.allmusic.com/album/moons-of-jupiter-mw0000653004,Composer
376,Adrian Belew,1989,Max Q,Max Q,https://www.allmusic.com/album/max-q-mw0000202045,Composer
377,Adrian Belew,1989,Jody Watley,Larger Than Life,https://www.allmusic.com/album/larger-than-life-mw0000203768,Composer
378,Adrian Belew,1989,Mike Oldfield,Earth Moving,https://www.allmusic.com/album/earth-moving-mw0000654041,"Guest Artist, Vocals, Guitar, Soloist"
379,Adrian Belew,1989,Various,Christmas Guitars,https://www.allmusic.com/album/christmas-guitars-mw0000078600,"Guitar, Performer, Primary Artist"
380,Adrian Belew,1988,Frank Zappa,You Can't Do That on Stage [Sampler],https://www.allmusic.com/album/you-cant-do-that-on-stage-sampler-mw0000863764,"Vocals, Guitar"
381,Adrian Belew,1988,Frank Zappa,"You Can't Do That on Stage Anymore, Vol. 1",https://www.allmusic.com/album/you-cant-do-that-on-stage-anymore-vol-1-mw0000194897,"Guest Artist, Vocals, Guitar"
382,Adrian Belew,1988,The Bears,Rise and Shine,https://www.allmusic.com/album/rise-and-shine-mw0000199179,"Producer, Vocals, Guitar, Composer"
383,Adrian Belew,1988,Paul Simon,Negotiations and Love Songs 1971-1986,https://www.allmusic.com/album/negotiations-and-love-songs-1971-1986-mw0000197647,"Guest Artist, Synthesizer"
384,Adrian Belew,1987,The Cucumbers,The Cucumbers,https://www.allmusic.com/album/the-cucumbers-mw0000198325,Composer
385,Adrian Belew,1987,King Crimson,The Compact King Crimson,https://www.allmusic.com/album/the-compact-king-crimson-mw0000190502,"Guitar, Fretless Bass, Composer"
386,Adrian Belew,1987,The Bears,The Bears,https://www.allmusic.com/album/the-bears-mw0000649879,"Guest Artist, Producer, Vocals, Guitar, Composer"
387,Adrian Belew,1986,Cyndi Lauper,True Colors,https://www.allmusic.com/album/true-colors-mw0000190613,"Guest Artist, Arranger, Guitar, Performer"
388,Adrian Belew,1986,Captain Lou Albano / NRBQ,Lou and the Q,https://www.allmusic.com/album/lou-and-the-q-mw0000313066,Composer
389,Adrian Belew,1986,Pia Zadora,I Am What I Am,https://www.allmusic.com/album/i-am-what-i-am-mw0000192442,Composer
390,Adrian Belew,1986,Laurie Anderson,Home of the Brave,https://www.allmusic.com/album/home-of-the-brave-mw0000649832,Guitar
391,Adrian Belew,1986,Scott Merritt,Gravity Is Mutual,https://www.allmusic.com/album/gravity-is-mutual-mw0001892336,Guitar
392,Adrian Belew,1986,Paul Simon,Graceland,https://www.allmusic.com/album/graceland-mw0000195707,"Guest Artist, Main Personnel, Guitar, Synthesizer, Guitar (Synthesizer)"
393,Adrian Belew,1986,Adrian Belew,Desire Caught by the Tail,https://www.allmusic.com/album/desire-caught-by-the-tail-mw0000195892,"Primary Artist, Producer, Liner Notes, Guitar, Composer"
394,Adrian Belew,1986,Force M.D.'s,Chillin',https://www.allmusic.com/album/chillin-mw0000650157,Composer
395,Adrian Belew,1985,King Crimson,The Noise: Live at Frejus '82,https://www.allmusic.com/album/the-noise-live-at-frejus-82-mw0000031929,"Vocals, Guitar, Composer"
396,Adrian Belew,1985,Adrian Belew,Electronic Guitar,https://www.allmusic.com/album/electronic-guitar-mw0001075197,"Primary Artist, Composer"
397,Adrian Belew,1985,The Elvis Brothers,Adventure Time,https://www.allmusic.com/album/adventure-time-mw0001882657,Producer
398,Adrian Belew,1984,Jean-Michel Jarre,Zoolook,https://www.allmusic.com/album/zoolook-mw0000194321,"Guest Artist, Guitar, Sound Effects, Effects"
399,Adrian Belew,1984,King Crimson,Three of a Perfect Pair,https://www.allmusic.com/album/three-of-a-perfect-pair-mw0000194481,"Composer, Member of Attributed Artist, Vocals, Guitar, Fretless Guitar, Fretless Bass, Voices, Group Member"
400,Adrian Belew,1984,Talking Heads,Stop Making Sense [Video],https://www.allmusic.com/album/stop-making-sense-video-mw0000881245,Composer
401,Adrian Belew,1984,Talking Heads,Stop Making Sense,https://www.allmusic.com/album/stop-making-sense-mw0000191998,Composer
402,Adrian Belew,1984,Whitesnake,Slide It In,https://www.allmusic.com/album/slide-it-in-mw0000192426,Composer
403,Adrian Belew,1984,Certain General,November's Heat,https://www.allmusic.com/album/novembers-heat-mw0000052048,Composer
404,Adrian Belew,1984,Laurie Anderson,Mister Heartbreak,https://www.allmusic.com/album/mister-heartbreak-mw0000189067,"Guest Artist, Guitar"
405,Adrian Belew,1984,Peter Wolf,Lights Out,https://www.allmusic.com/album/lights-out-mw0000192485,Guitar
406,Adrian Belew,1983,Adrian Belew,Twang Bar King,https://www.allmusic.com/album/twang-bar-king-mw0000312825,"Primary Artist, Producer, Vocals, Guitar, Percussion, Composer"
407,Adrian Belew,1983,Joan Armatrading,The Key,https://www.allmusic.com/album/the-key-mw0000189075,Guitar
408,Adrian Belew,1983,Various,The Best of Music & Rhythm,https://www.allmusic.com/album/the-best-of-music-amp-rhythm-mw0000192486,Guitar (Steel)
409,Adrian Belew,1983,Various,Get Crazy [Video],https://www.allmusic.com/album/get-crazy-video-mw0001076615,"Performer, Composer, Primary Artist"
410,Adrian Belew,1983,Steve Hillage,For to Next/And Not Or,https://www.allmusic.com/album/for-to-next-and-not-or-mw0000690804,Composer
411,Adrian Belew,1983,Frank Zappa,Baby Snakes,https://www.allmusic.com/album/baby-snakes-mw0000197268,"Guest Artist, Vocals, Guitar, Performer"
412,Adrian Belew,1982,Talking Heads,The Name of This Band Is Talking Heads,https://www.allmusic.com/album/the-name-of-this-band-is-talking-heads-mw0000199932,"Guest Artist, Vocals, Guitar, Vocals (Background)"
413,Adrian Belew,1982,Ryuichi Sakamoto / Robin Scott,The Arrangement,https://www.allmusic.com/album/the-arrangement-mw0000949417,Composer
414,Adrian Belew,1982,Joe Cocker,Sheffield Steel,https://www.allmusic.com/album/sheffield-steel-mw0000644514,"Guest Artist, Guitar"
415,Adrian Belew,1982,Robert Palmer,Maybe It's Live,https://www.allmusic.com/album/maybe-its-live-mw0000054525,Guitar
416,Adrian Belew,1982,Adrian Belew,Lone Rhino,https://www.allmusic.com/album/lone-rhino-mw0000691303,"Primary Artist, Producer, Arranger, Vocals, Guitar, Drums, Percussion, Effects, Composer"
417,Adrian Belew,1982,King Crimson,Beat,https://www.allmusic.com/album/beat-mw0000194479,"Member of Attributed Artist, Vocals, Guitar, Composer"
418,Adrian Belew,1981,Frank Zappa,Untitled Picture Disc,https://www.allmusic.com/album/untitled-picture-disc-mw0000973180,Guitar
419,Adrian Belew,1981,Tom Tom Club,Tom Tom Club,https://www.allmusic.com/album/tom-tom-club-mw0000651118,"Guitar, Composer"
420,Adrian Belew,1981,Jerry Harrison,The Red and the Black,https://www.allmusic.com/album/the-red-and-the-black-mw0000846336,Guitar
421,Adrian Belew,1981,David Byrne,The Catherine Wheel,https://www.allmusic.com/album/the-catherine-wheel-mw0000196850,"Guest Artist, Guitar, Guitar (Steel), Drums (Steel), Sound Effects, Beats"
422,Adrian Belew,1981,Herbie Hancock,Magic Windows,https://www.allmusic.com/album/magic-windows-mw0000532689,"Guitar, Composer"
423,Adrian Belew,1981,Ryuichi Sakamoto,Left Handed Dream,https://www.allmusic.com/album/left-handed-dream-mw0000542985,"Guitar, Drums, Performer, Effects, Composer"
424,Adrian Belew,1981,Tom Tom Club,Genius of Love,https://www.allmusic.com/album/genius-of-love-mw0000973936,Guitar
425,Adrian Belew,1981,Garland Jeffreys,Escape Artist,https://www.allmusic.com/album/escape-artist-mw0000310354,"Guitar, Bagpipes"
426,Adrian Belew,1981,King Crimson,Discipline,https://www.allmusic.com/album/discipline-mw0000196148,"Member of Attributed Artist, Vocals, Guitar, Composer"
427,Adrian Belew,1981,David Bowie,Changestwobowie,https://www.allmusic.com/album/changestwobowie-mw0000836700,Guitar
428,Adrian Belew,1981,David Bowie,Another Face,https://www.allmusic.com/album/another-face-mw0000852105,Guitar
429,Adrian Belew,1980,Talking Heads,Remain in Light,https://www.allmusic.com/album/remain-in-light-mw0000192118,"Guest Artist, Additional Personnel, Guitar"
430,Adrian Belew,1979,Frank Zappa,Tiny Nightmares,https://www.allmusic.com/album/tiny-nightmares-mw0001013571,Guitar
431,Adrian Belew,1979,Frank Zappa,Sheik Yerbouti,https://www.allmusic.com/album/sheik-yerbouti-mw0000204098,"Guest Artist, Vocals, Guitar, Guitar (Rhythm)"
432,Adrian Belew,1979,David Bowie,Lodger,https://www.allmusic.com/album/lodger-mw0000251982,"Guest Artist, Main Personnel, Guitar, Mandolin, Guitar (Rhythm)"
433,Adrian Belew,1978,Frank Zappa,Wax Flags,https://www.allmusic.com/album/wax-flags-mw0001892195,Guitar (Electric)
434,Adrian Belew,1978,David Bowie,Stage,https://www.allmusic.com/album/stage-mw0000193055,"Guest Artist, Main Personnel, Guitar, Vocals (Background)"
435,Adrian Belew,1977,Fleetwood Mac,Rumours,https://www.allmusic.com/album/rumours-mw0000193833,Composer
436,Adrian Belew,1972,Paul Simon,Paul Simon,https://www.allmusic.com/album/paul-simon-mw0000197568,Guest Artist
437,Adrian Belew,1969,The Music Emporium,The Music Emporium,https://www.allmusic.com/album/the-music-emporium-mw0000012821,Composer
438,Adrian Belew,1963,Bill Wolfer,Caught in the Blue Light,https://www.allmusic.com/album/caught-in-the-blue-light-mw0000310993,Composer
439,Adrian Belew,1960,Debbie Reynolds,Am I That Easy to Forget?,https://www.allmusic.com/album/am-i-that-easy-to-forget-mw0003365894,Composer
440,Adrian Belew,?,Edensong,Years In the Garden of Years,https://www.allmusic.com/album/years-in-the-garden-of-years-mw0002969502,Vocals
441,Adrian Belew,?,UniKuE,UniKuE,https://www.allmusic.com/album/unikue-mw0003137340,"Composer, Ukulele"
442,Adrian Belew,?,Kevin Max,Unholy Triad,https://www.allmusic.com/album/unholy-triad-mw0002160880,Primary Artist
443,Adrian Belew,?,The Mastelottos,Too Much Happiness: A Romantic's Guide to King Crimson,https://www.allmusic.com/album/too-much-happiness-a-romantics-guide-to-king-crimson-mw0003474362,Composer
444,Adrian Belew,?,Various,The Many Faces of King Crimson,https://www.allmusic.com/album/the-many-faces-of-king-crimson-mw0002956256,Primary Artist
445,Adrian Belew,?,Various,The Many Faces of David Bowie,https://www.allmusic.com/album/the-many-faces-of-david-bowie-mw0002911224,Primary Artist
446,Adrian Belew,?,Various,The Everlasting Songs: An All Star Tribute to Pink Floyd,https://www.allmusic.com/album/the-everlasting-songs-an-all-star-tribute-to-pink-floyd-mw0002807705,"Primary Artist, Vocals"
447,Adrian Belew,?,Various,The  Time Is Now!,https://www.allmusic.com/album/the-time-is-now%21-mw0002988792,Composer
448,Adrian Belew,?,David Bowie,Suffragette City,https://www.allmusic.com/album/suffragette-city-mw0002227283,"Guitar, Vocals (Background)"
449,Adrian Belew,?,Various,"Smooth Rock: Yacht Rock, Easy Listening and Rock Ballads",https://www.allmusic.com/album/smooth-rock-yacht-rock-easy-listening-and-rock-ballads-mw0003389514,"Guitar, Guitar (Synthesizer)"
450,Adrian Belew,?,Various,Smash Hits: Punk and New Wave,https://www.allmusic.com/album/smash-hits-punk-and-new-wave-mw0003061843,"Guitar, Guitar (Synthesizer)"
451,Adrian Belew,?,Talking Heads,"Saratogo Psycho: US, 1973",https://www.allmusic.com/album/saratogo-psycho-us-1973-mw0002844788,Composer
452,Adrian Belew,?,Various,Roots of Pink Floyd,https://www.allmusic.com/album/roots-of-pink-floyd-mw0002825437,Primary Artist
453,Adrian Belew,?,Adrian Belew,Piper,https://www.allmusic.com/album/piper-mw0002966042,"Primary Artist, Composer"
454,Adrian Belew,?,Party Tyme Karaoke,Party Tyme Karaoke: Variety Female Hits 1,https://www.allmusic.com/album/party-tyme-karaoke-variety-female-hits-1-mw0003314815,Composer
455,Adrian Belew,?,Raphaël Haroche / Raphaël,Pacific 231,https://www.allmusic.com/album/pacific-231-mw0002042092,"Choeurs, Guitar, Vocals (Background)"
456,Adrian Belew,?,The Crimson Projekct,Official Bootleg Live 2012,https://www.allmusic.com/album/official-bootleg-live-2012-mw0002557269,"Vocals, Guitar, Group Member, Composer"
457,Adrian Belew,?,Troy Jones,New Peace,https://www.allmusic.com/album/new-peace-mw0002777913,Primary Artist
458,Adrian Belew,?,Nonch Harpin',Native Sons,https://www.allmusic.com/album/native-sons-mw0003015382,Composer
459,Adrian Belew,?,Joe Dolan,Make Me an Island: The Pye Anthology,https://www.allmusic.com/album/make-me-an-island-the-pye-anthology-mw0002272262,Composer
460,Adrian Belew,?,The Crimson Projekct,Live in Tokyo,https://www.allmusic.com/album/live-in-tokyo-mw0002616350,"Vocals, Guitar, Featured Artist"
461,Adrian Belew,?,David Bowie,Live in Berlin [1978],https://www.allmusic.com/album/live-in-berlin-1978-mw0003110901,"Guitar, Vocals (Background)"
462,Adrian Belew,?,Various,"Hits of Mariah Carey, Vol. 1",https://www.allmusic.com/album/hits-of-mariah-carey-vol-1-mw0000447551,Composer
463,Adrian Belew,?,Frank Zappa,Halloween in The Big Apple,https://www.allmusic.com/album/halloween-in-the-big-apple-mw0002828984,"Vocals, Guitar"
464,Adrian Belew,?,Various,Guitar Monsters of Rock,https://www.allmusic.com/album/guitar-monsters-of-rock-mw0002719341,Primary Artist
465,Adrian Belew,?,Tim Reynolds / TR3,From Space and Beyond,https://www.allmusic.com/album/from-space-and-beyond-mw0002331018,Composer
466,Adrian Belew,?,Various,Dubstep Side of the Moon,https://www.allmusic.com/album/dubstep-side-of-the-moon-mw0002577640,Vocals
467,Adrian Belew,?,Delta Saxophone Quartet,Crimson!,https://www.allmusic.com/album/crimson%21-mw0002907692,Composer
468,Adrian Belew,?,Various,Classic Rock [Rhino],https://www.allmusic.com/album/classic-rock-rhino-mw0003382310,"Guitar, Guitar (Synthesizer)"
469,Adrian Belew,?,Various,"Billboard Karaoke: Top 10 Box Set, Vol. 7",https://www.allmusic.com/album/billboard-karaoke-top-10-box-set-vol-7-mw0003200151,"Composer, Composer/Lyricist"
470,Adrian Belew,?,Various,"Billboard 90s, Vol. 7",https://www.allmusic.com/album/billboard-90s-vol-7-mw0003200328,Composer/Lyricist
471,Adrian Belew,?,Various,"A Little on the CD Side, Vol. 5",https://www.allmusic.com/album/a-little-on-the-cd-side-vol-5-mw0001445188,Primary Artist
472,Adrian Belew,?,Various,80s Smash Hits [Rhino],https://www.allmusic.com/album/80s-smash-hits-rhino-mw0003384999,"Guitar, Guitar (Synthesizer)"
473,Adrian Belew,?,Various,80s Party: Ultimate Eighties Throwback Classics,https://www.allmusic.com/album/80s-party-ultimate-eighties-throwback-classics-mw0003382306,"Guitar, Guitar (Synthesizer)"
474,Adrian Belew,?,Various,"60s, 70s, 80s, 90s Oldies",https://www.allmusic.com/album/60s-70s-80s-90s-oldies-mw0003402232,"Guitar, Guitar (Synthesizer)"
475,Adrian Belew,?,Various,100 Greatest Golden Oldies,https://www.allmusic.com/album/100-greatest-golden-oldies-mw0003397231,"Guitar, Guitar (Synthesizer)"
476,Adrian Belew,?,Various,100 Greatest 80s: Ultimate 80s Throwback Anthems,https://www.allmusic.com/album/100-greatest-80s-ultimate-80s-throwback-anthems-mw0003397237,"Guitar, Guitar (Synthesizer)"
